,Programs,Regulons
0,0,99
1,0,114
2,0,138
3,0,175
4,0,209
5,0,248
6,0,258
7,0,276
8,0,294
9,0,349
10,0,357
11,0,375
12,0,418
13,0,445
14,0,648
15,0,848
16,0,991
17,0,1068
18,0,1100
19,0,1271
20,0,1300
21,0,1356
22,0,1517
23,0,1550
24,0,1660
25,0,1676
26,0,1813
27,0,1904
28,0,1925
29,0,1932
30,0,1980
31,0,2100
32,0,2113
33,0,2317
34,0,2348
35,0,2358
36,0,2452
37,0,2474
38,0,2498
39,0,2509
40,0,2539
41,0,2589
42,0,2687
43,0,2746
44,0,2825
45,0,2863
46,0,2982
47,0,3039
48,0,3069
49,0,3073
50,0,3090
51,0,3103
52,0,3120
53,0,3127
54,0,3133
55,0,3149
56,0,3152
57,0,3156
58,0,3161
59,0,3337
60,0,3577
61,1,12
62,1,167
63,1,362
64,1,385
65,1,582
66,1,632
67,1,683
68,1,856
69,1,980
70,1,1046
71,1,1073
72,1,1133
73,1,1170
74,1,1252
75,1,1279
76,1,1308
77,1,1331
78,1,1346
79,1,1495
80,1,1506
81,1,1651
82,1,1809
83,1,1818
84,1,1886
85,1,1912
86,1,2005
87,1,2053
88,1,2268
89,1,2309
90,1,2322
91,1,2333
92,1,2364
93,1,2438
94,1,2543
95,1,2612
96,1,2620
97,1,2762
98,1,2811
99,1,2954
100,1,3016
101,1,3037
102,1,3066
103,1,3107
104,1,3168
105,1,3264
106,1,3291
107,1,3379
108,1,3552
109,1,3563
110,1,3781
111,2,135
112,2,268
113,2,594
114,2,639
115,2,731
116,2,784
117,2,987
118,2,1151
119,2,1180
120,2,1216
121,2,1235
122,2,1282
123,2,1316
124,2,1538
125,2,1587
126,2,1665
127,2,1714
128,2,1801
129,2,1823
130,2,1844
131,2,1960
132,2,2014
133,2,2064
134,2,2187
135,2,2388
136,2,2424
137,2,2463
138,2,2600
139,2,2636
140,2,2664
141,2,2676
142,2,2700
143,2,2822
144,2,2854
145,2,2880
146,2,2902
147,2,2934
148,2,2956
149,2,2970
150,2,3239
151,2,3302
152,2,3333
153,2,3728
154,2,3745
155,3,118
156,3,162
157,3,179
158,3,197
159,3,358
160,3,378
161,3,420
162,3,510
163,3,578
164,3,700
165,3,998
166,3,1038
167,3,1085
168,3,1161
169,3,1305
170,3,1465
171,3,1486
172,3,1646
173,3,1729
174,3,1753
175,3,1831
176,3,1905
177,3,1995
178,3,2080
179,3,2210
180,3,2279
181,3,2287
182,3,2329
183,3,2430
184,3,2497
185,3,2587
186,3,2707
187,3,2758
188,3,2887
189,3,2965
190,3,3054
191,3,3135
192,3,3549
193,3,3558
194,3,3561
195,3,3570
196,3,3576
197,3,3580
198,4,117
199,4,155
200,4,174
201,4,252
202,4,259
203,4,298
204,4,359
205,4,371
206,4,397
207,4,419
208,4,449
209,4,737
210,4,1358
211,4,1389
212,4,1401
213,4,1518
214,4,1592
215,4,1608
216,4,1679
217,4,1829
218,4,1926
219,4,2123
220,4,2161
221,4,2305
222,4,2412
223,4,2456
224,4,2477
225,4,2500
226,4,2585
227,4,2767
228,4,2885
229,4,2943
230,4,3126
231,4,3134
232,4,3188
233,4,3345
234,4,3348
235,4,3364
236,4,3370
237,4,3373
238,4,3377
239,4,3626
240,5,89
241,5,98
242,5,151
243,5,178
244,5,213
245,5,233
246,5,280
247,5,295
248,5,361
249,5,376
250,5,401
251,5,448
252,5,466
253,5,817
254,5,1102
255,5,1284
256,5,1325
257,5,1411
258,5,1610
259,5,1760
260,5,1907
261,5,1999
262,5,2103
263,5,2127
264,5,2281
265,5,2323
266,5,2355
267,5,2590
268,5,2623
269,5,2688
270,5,2702
271,5,2742
272,5,2946
273,5,2961
274,5,2987
275,5,3007
276,5,3105
277,5,3150
278,5,3162
279,5,3548
280,5,3575
281,5,3579
282,6,106
283,6,142
284,6,216
285,6,217
286,6,241
287,6,300
288,6,379
289,6,450
290,6,629
291,6,649
292,6,671
293,6,704
294,6,1042
295,6,1048
296,6,1342
297,6,1487
298,6,1525
299,6,1681
300,6,1834
301,6,1911
302,6,1936
303,6,1985
304,6,1992
305,6,2056
306,6,2195
307,6,2266
308,6,2342
309,6,2480
310,6,2535
311,6,2549
312,6,2752
313,6,2761
314,6,3092
315,6,3123
316,6,3166
317,6,3174
318,6,3378
319,6,3493
320,6,3550
321,6,3792
322,7,86
323,7,93
324,7,97
325,7,108
326,7,112
327,7,137
328,7,158
329,7,173
330,7,192
331,7,203
332,7,207
333,7,228
334,7,232
335,7,246
336,7,254
337,7,257
338,7,275
339,7,290
340,7,315
341,7,326
342,7,343
343,7,350
344,7,356
345,7,370
346,7,395
347,7,413
348,7,438
349,7,444
350,7,1781
351,7,1876
352,7,1902
353,7,1923
354,7,2120
355,7,2400
356,7,3032
357,7,3371
358,8,23
359,8,296
360,8,301
361,8,309
362,8,344
363,8,355
364,8,380
365,8,388
366,8,617
367,8,920
368,8,947
369,8,952
370,8,960
371,8,962
372,8,1009
373,8,1049
374,8,1202
375,8,1233
376,8,1334
377,8,1402
378,8,1519
379,8,1622
380,8,1822
381,8,2042
382,8,2092
383,8,2132
384,8,2369
385,8,2552
386,8,3262
387,8,3266
388,8,3272
389,8,3641
390,8,3712
391,8,3773
392,8,3796
393,9,144
394,9,161
395,9,251
396,9,366
397,9,381
398,9,423
399,9,654
400,9,1128
401,9,1256
402,9,1287
403,9,1327
404,9,1413
405,9,1522
406,9,1837
407,9,1885
408,9,1908
409,9,2001
410,9,2102
411,9,2115
412,9,2705
413,9,3045
414,9,3219
415,9,3365
416,9,3368
417,9,3375
418,9,3551
419,9,3562
420,9,3603
421,9,3617
422,9,3700
423,9,3706
424,10,111
425,10,200
426,10,231
427,10,365
428,10,467
429,10,1422
430,10,1423
431,10,1425
432,10,1530
433,10,1581
434,10,1617
435,10,1776
436,10,2107
437,10,2108
438,10,2122
439,10,2241
440,10,2269
441,10,2344
442,10,2512
443,10,2749
444,10,3097
445,10,3138
446,10,3271
447,10,3303
448,10,3366
449,10,3390
450,10,3567
451,10,3607
452,10,3668
453,10,3758
454,11,149
455,11,353
456,11,1089
457,11,1107
458,11,1258
459,11,1309
460,11,1330
461,11,1421
462,11,1531
463,11,1730
464,11,1988
465,11,2007
466,11,2271
467,11,2280
468,11,2310
469,11,2483
470,11,2615
471,11,2754
472,11,2766
473,11,2953
474,11,3017
475,11,3034
476,11,3080
477,11,3320
478,11,3564
479,11,3574
480,11,3684
481,11,3686
482,12,61
483,12,249
484,12,553
485,12,651
486,12,667
487,12,1013
488,12,1119
489,12,1306
490,12,1381
491,12,2409
492,12,2431
493,12,2515
494,12,2529
495,12,2531
496,12,2830
497,12,2864
498,12,2940
499,12,3033
500,12,3180
501,12,3388
502,12,3481
503,12,3604
504,12,3606
505,12,3609
506,12,3611
507,13,123
508,13,150
509,13,185
510,13,224
511,13,369
512,13,406
513,13,431
514,13,457
515,13,709
516,13,867
517,13,1005
518,13,1314
519,13,1321
520,13,1451
521,13,1532
522,13,2454
523,13,2533
524,13,2546
525,13,2548
526,13,2604
527,13,2821
528,13,2955
529,13,3267
530,13,3572
531,13,3698
532,14,13
533,14,125
534,14,199
535,14,287
536,14,335
537,14,368
538,14,433
539,14,593
540,14,662
541,14,1124
542,14,1265
543,14,1291
544,14,1310
545,14,1475
546,14,1863
547,14,1915
548,14,2099
549,14,2220
550,14,2447
551,14,2608
552,14,2857
553,14,2968
554,14,3215
555,14,3468
556,14,3699
557,15,146
558,15,153
559,15,165
560,15,180
561,15,222
562,15,240
563,15,367
564,15,405
565,15,1289
566,15,1345
567,15,1527
568,15,1728
569,15,1970
570,15,2039
571,15,2101
572,15,2449
573,15,2501
574,15,2507
575,15,2541
576,15,2805
577,15,2949
578,15,3137
579,15,3293
580,15,3582
581,15,3776
582,16,152
583,16,227
584,16,455
585,16,961
586,16,1006
587,16,1047
588,16,1734
589,16,1756
590,16,1890
591,16,1918
592,16,2008
593,16,2043
594,16,2326
595,16,2351
596,16,2441
597,16,2679
598,16,2972
599,16,3051
600,16,3061
601,16,3143
602,16,3777
603,16,3789
604,17,212
605,17,794
606,17,1901
607,17,2356
608,17,2468
609,17,2667
610,17,2747
611,17,2798
612,17,2963
613,17,2989
614,17,2994
615,17,3006
616,17,3012
617,17,3030
618,17,3038
619,17,3063
620,17,3071
621,18,107
622,18,171
623,18,189
624,18,274
625,18,307
626,18,411
627,18,1091
628,18,1457
629,18,1732
630,18,1847
631,18,2489
632,18,2605
633,18,3028
634,18,3049
635,18,3093
636,18,3695
637,19,164
638,19,316
639,19,653
640,19,1269
641,19,1594
642,19,1755
643,19,1787
644,19,2786
645,19,2796
646,19,2810
647,19,2986
648,19,3058
649,19,3560
650,19,3605
651,20,821
652,20,1188
653,20,1219
654,20,1767
655,20,1807
656,20,1874
657,20,2011
658,20,2020
659,20,2203
660,20,2399
661,20,2815
662,20,2971
663,20,2981
664,21,196
665,21,332
666,21,383
667,21,1021
668,21,1684
669,21,1761
670,21,1981
671,21,1984
672,21,2312
673,21,3259
674,21,3319
675,21,3398
676,21,3754
677,22,352
678,22,1447
679,22,1680
680,22,1768
681,22,2478
682,22,2503
683,22,2945
684,22,3399
685,22,3404
686,22,3491
687,22,3509
688,22,3647
689,23,219
690,23,609
691,23,852
692,23,1414
693,23,1708
694,23,2055
695,23,2594
696,23,2674
697,23,2795
698,23,2947
699,23,3136
700,23,3630
701,24,170
702,24,1555
703,24,1880
704,24,1961
705,24,2185
706,24,2387
707,24,2735
708,24,2823
709,24,3068
710,24,3176
711,24,3394
712,24,3768
713,25,133
714,25,156
715,25,289
716,25,690
717,25,1443
718,25,2012
719,25,2595
720,25,2728
721,25,2856
722,25,3503
723,26,407
724,26,674
725,26,985
726,26,1054
727,26,1364
728,26,2678
729,26,2937
730,26,3327
731,26,3664
732,26,3722
733,27,24
734,27,72
735,27,96
736,27,387
737,27,560
738,27,1376
739,27,2464
740,27,2958
741,27,3043
742,27,3508
743,28,157
744,28,245
745,28,1895
746,28,2331
747,28,2601
748,28,2765
749,28,2781
750,28,3029
751,28,3131
752,28,3571
753,29,201
754,29,440
755,29,1459
756,29,1514
757,29,1820
758,29,2224
759,29,2402
760,29,2446
761,29,2837
762,30,154
763,30,1295
764,30,1715
765,30,1731
766,30,2343
767,30,2632
768,30,3070
769,30,3346
770,30,3726
771,31,183
772,31,896
773,31,1613
774,31,1744
775,31,2255
776,31,2712
777,31,2751
778,31,3296
779,31,3356
780,32,589
781,32,710
782,32,1231
783,32,1275
784,32,1534
785,32,2975
786,32,3111
787,32,3430
788,32,3652
789,33,733
790,33,1236
791,33,1537
792,33,2190
793,33,2606
794,33,2960
795,33,3569
796,33,3780
797,34,1546
798,34,2523
799,34,2760
800,34,2950
801,34,3274
802,34,3281
803,34,3401
804,35,29
805,35,134
806,35,663
807,35,2110
808,35,2448
809,35,3116
810,35,3382
811,36,2231
812,36,2391
813,36,2763
814,36,2790
815,36,2977
816,36,3588
817,37,1237
818,37,1509
819,37,1672
820,37,1898
821,37,2030
822,37,3696
823,38,159
824,38,462
825,38,575
826,38,625
827,38,650
828,38,698
829,38,759
830,38,767
831,38,871
832,38,968
833,38,993
834,38,1011
835,38,1016
836,38,1036
837,38,1095
838,38,1099
839,38,1144
840,38,1205
841,38,1210
842,38,1239
843,38,1301
844,38,1462
845,38,1551
846,38,1568
847,38,1590
848,38,1611
849,38,1736
850,38,1772
851,38,1830
852,38,1873
853,38,1875
854,38,1884
855,38,1938
856,38,1944
857,38,1996
858,38,2021
859,38,2032
860,38,2086
861,38,2125
862,38,2159
863,38,2260
864,38,2370
865,38,2383
866,38,2384
867,38,2394
868,38,2416
869,38,2453
870,38,2499
871,38,2655
872,38,2670
873,38,2685
874,38,2737
875,38,2738
876,38,2743
877,38,2745
878,38,2756
879,38,2768
880,38,2782
881,38,2797
882,38,2800
883,38,2801
884,38,2807
885,38,2814
886,38,2816
887,38,2828
888,38,2843
889,38,2861
890,38,2884
891,38,2908
892,38,2927
893,38,2938
894,38,2944
895,38,2962
896,38,3411
897,39,121
898,39,321
899,39,426
900,39,556
901,39,702
902,39,825
903,39,851
904,39,873
905,39,974
906,39,1018
907,39,1129
908,39,1166
909,39,1225
910,39,1253
911,39,1470
912,39,1490
913,39,1571
914,39,1597
915,39,1707
916,39,1790
917,39,2096
918,39,2105
919,39,2236
920,39,2289
921,39,2300
922,39,2362
923,39,2377
924,39,2418
925,39,2660
926,39,2690
927,39,2722
928,39,2817
929,39,2845
930,39,2914
931,39,2929
932,39,2964
933,39,3056
934,39,3292
935,39,3542
936,39,3623
937,39,3683
938,39,3697
939,40,50
940,40,417
941,40,579
942,40,600
943,40,735
944,40,1101
945,40,1179
946,40,1293
947,40,1326
948,40,1355
949,40,1363
950,40,1482
951,40,1536
952,40,1553
953,40,1941
954,40,1967
955,40,2371
956,40,2381
957,40,2385
958,40,2393
959,40,2408
960,40,2411
961,40,2417
962,40,2427
963,40,2428
964,40,2455
965,40,2582
966,40,2886
967,40,3195
968,40,3309
969,40,3386
970,40,3391
971,40,3397
972,40,3403
973,40,3414
974,40,3541
975,40,3546
976,40,3757
977,41,229
978,41,635
979,41,641
980,41,661
981,41,727
982,41,751
983,41,783
984,41,983
985,41,1138
986,41,1178
987,41,1181
988,41,1218
989,41,1234
990,41,1294
991,41,1416
992,41,1454
993,41,1481
994,41,1510
995,41,1561
996,41,1576
997,41,1798
998,41,1843
999,41,1916
1000,41,2027
1001,41,2112
1002,41,2202
1003,41,2218
1004,41,2296
1005,41,2465
1006,41,2849
1007,41,3707
1008,42,336
1009,42,880
1010,42,893
1011,42,911
1012,42,955
1013,42,1002
1014,42,1092
1015,42,1281
1016,42,1383
1017,42,1404
1018,42,1434
1019,42,1549
1020,42,1599
1021,42,1709
1022,42,1741
1023,42,1819
1024,42,2437
1025,42,2545
1026,42,2868
1027,42,2959
1028,42,3164
1029,42,3389
1030,42,3413
1031,42,3595
1032,42,3612
1033,42,3632
1034,42,3666
1035,42,3734
1036,42,3769
1037,43,109
1038,43,292
1039,43,437
1040,43,647
1041,43,666
1042,43,1183
1043,43,1323
1044,43,1340
1045,43,1407
1046,43,1771
1047,43,1784
1048,43,1812
1049,43,1828
1050,43,1840
1051,43,1848
1052,43,1883
1053,43,1900
1054,43,1924
1055,43,1942
1056,43,1950
1057,43,1963
1058,43,1994
1059,43,2018
1060,43,2031
1061,43,2617
1062,43,2922
1063,43,2933
1064,43,3658
1065,44,166
1066,44,218
1067,44,331
1068,44,354
1069,44,537
1070,44,655
1071,44,770
1072,44,1226
1073,44,1312
1074,44,1412
1075,44,1477
1076,44,1513
1077,44,1782
1078,44,1973
1079,44,2006
1080,44,2196
1081,44,2277
1082,44,2288
1083,44,2395
1084,44,2459
1085,44,2616
1086,44,2710
1087,44,2892
1088,44,3367
1089,44,3454
1090,44,3643
1091,44,3749
1092,45,266
1093,45,775
1094,45,857
1095,45,1152
1096,45,1263
1097,45,1496
1098,45,1659
1099,45,2041
1100,45,2058
1101,45,2200
1102,45,2389
1103,45,2521
1104,45,2614
1105,45,2694
1106,45,2872
1107,45,2932
1108,45,3085
1109,45,3216
1110,45,3341
1111,45,3357
1112,45,3543
1113,45,3554
1114,45,3724
1115,45,3763
1116,46,17
1117,46,80
1118,46,205
1119,46,480
1120,46,515
1121,46,610
1122,46,729
1123,46,754
1124,46,761
1125,46,874
1126,46,878
1127,46,912
1128,46,1196
1129,46,1524
1130,46,1582
1131,46,2311
1132,46,2542
1133,46,2720
1134,46,3122
1135,46,3155
1136,46,3424
1137,46,3444
1138,46,3525
1139,46,3770
1140,47,19
1141,47,26
1142,47,84
1143,47,479
1144,47,540
1145,47,935
1146,47,936
1147,47,938
1148,47,1117
1149,47,1215
1150,47,1406
1151,47,1596
1152,47,1893
1153,47,1939
1154,47,2072
1155,47,2320
1156,47,2772
1157,47,2876
1158,47,2980
1159,47,3183
1160,47,3494
1161,47,3517
1162,47,3651
1163,48,20
1164,48,265
1165,48,273
1166,48,306
1167,48,808
1168,48,831
1169,48,886
1170,48,917
1171,48,1112
1172,48,1141
1173,48,1232
1174,48,1657
1175,48,1780
1176,48,2024
1177,48,2138
1178,48,2170
1179,48,2228
1180,48,2366
1181,48,2653
1182,48,3221
1183,48,3688
1184,48,3720
1185,48,3744
1186,49,182
1187,49,223
1188,49,285
1189,49,633
1190,49,658
1191,49,745
1192,49,1104
1193,49,1148
1194,49,1418
1195,49,1544
1196,49,1725
1197,49,1887
1198,49,2197
1199,49,2293
1200,49,2461
1201,49,2691
1202,49,2948
1203,49,3249
1204,49,3395
1205,49,3497
1206,49,3669
1207,49,3779
1208,50,310
1209,50,752
1210,50,812
1211,50,1140
1212,50,1825
1213,50,1882
1214,50,1949
1215,50,2029
1216,50,2051
1217,50,2082
1218,50,2175
1219,50,2392
1220,50,2492
1221,50,2536
1222,50,2652
1223,50,2794
1224,50,3362
1225,50,3653
1226,51,247
1227,51,819
1228,51,872
1229,51,945
1230,51,969
1231,51,1012
1232,51,1393
1233,51,1424
1234,51,1485
1235,51,1677
1236,51,1716
1237,51,2278
1238,51,2319
1239,51,2332
1240,51,2336
1241,51,2340
1242,51,2347
1243,51,2357
1244,52,221
1245,52,264
1246,52,772
1247,52,954
1248,52,1110
1249,52,1472
1250,52,1565
1251,52,1879
1252,52,2004
1253,52,2149
1254,52,2386
1255,52,2820
1256,52,3283
1257,52,3594
1258,52,3764
1259,53,592
1260,53,941
1261,53,1153
1262,53,1262
1263,53,2153
1264,53,2520
1265,53,2527
1266,53,3099
1267,53,3288
1268,53,3596
1269,53,3624
1270,54,568
1271,54,756
1272,54,964
1273,54,1056
1274,54,1297
1275,54,1298
1276,54,2135
1277,54,2471
1278,54,3363
1279,55,424
1280,55,850
1281,55,1277
1282,55,1649
1283,55,2479
1284,55,3233
1285,55,3445
1286,55,3662
1287,56,230
1288,56,536
1289,56,832
1290,56,1156
1291,56,1501
1292,56,2407
1293,56,3439
1294,57,30
1295,57,55
1296,57,74
1297,57,76
1298,57,546
1299,57,550
1300,57,570
1301,57,571
1302,57,596
1303,57,621
1304,57,644
1305,57,645
1306,57,665
1307,57,677
1308,57,696
1309,57,717
1310,57,734
1311,57,758
1312,57,763
1313,57,765
1314,57,778
1315,57,790
1316,57,814
1317,57,818
1318,57,841
1319,57,846
1320,57,865
1321,57,868
1322,57,888
1323,57,903
1324,57,927
1325,57,943
1326,57,957
1327,57,965
1328,57,967
1329,57,990
1330,57,1010
1331,57,1135
1332,57,1139
1333,57,1341
1334,57,1390
1335,57,1435
1336,57,2139
1337,57,2565
1338,57,2575
1339,57,3004
1340,57,3314
1341,57,3355
1342,57,3628
1343,57,3717
1344,58,46
1345,58,303
1346,58,452
1347,58,707
1348,58,723
1349,58,741
1350,58,979
1351,58,1019
1352,58,1045
1353,58,1105
1354,58,1130
1355,58,1147
1356,58,1167
1357,58,1227
1358,58,1428
1359,58,1474
1360,58,1528
1361,58,1574
1362,58,1600
1363,58,1632
1364,58,1682
1365,58,1777
1366,58,1792
1367,58,1836
1368,58,1862
1369,58,1952
1370,58,2036
1371,58,2240
1372,58,2253
1373,58,2290
1374,58,2569
1375,58,2757
1376,58,2891
1377,58,3225
1378,58,3235
1379,58,3289
1380,58,3324
1381,58,3332
1382,58,3339
1383,58,3462
1384,58,3636
1385,58,3645
1386,58,3676
1387,58,3711
1388,58,3761
1389,59,88
1390,59,506
1391,59,548
1392,59,627
1393,59,739
1394,59,771
1395,59,785
1396,59,1017
1397,59,1430
1398,59,1566
1399,59,1648
1400,59,1706
1401,59,1788
1402,59,1855
1403,59,2038
1404,59,2094
1405,59,2163
1406,59,2177
1407,59,2186
1408,59,2212
1409,59,2337
1410,59,2374
1411,59,2642
1412,59,2844
1413,59,2888
1414,59,2911
1415,59,2974
1416,59,3112
1417,59,3285
1418,59,3311
1419,59,3313
1420,59,3455
1421,59,3460
1422,60,269
1423,60,272
1424,60,640
1425,60,686
1426,60,694
1427,60,757
1428,60,807
1429,60,861
1430,60,914
1431,60,1023
1432,60,1082
1433,60,1094
1434,60,1098
1435,60,1118
1436,60,1502
1437,60,1507
1438,60,1694
1439,60,1696
1440,60,2063
1441,60,2146
1442,60,2173
1443,60,2191
1444,60,2258
1445,60,2273
1446,60,2353
1447,60,2697
1448,60,2780
1449,60,2881
1450,60,2901
1451,60,2924
1452,60,3102
1453,60,3171
1454,60,3746
1455,61,163
1456,61,577
1457,61,736
1458,61,1015
1459,61,1240
1460,61,1464
1461,61,1567
1462,61,1666
1463,61,1678
1464,61,1693
1465,61,1700
1466,61,1752
1467,61,1763
1468,61,2208
1469,61,2644
1470,61,2764
1471,61,2842
1472,61,2909
1473,61,3104
1474,61,3279
1475,61,3284
1476,61,3287
1477,61,3304
1478,61,3310
1479,61,3315
1480,61,3318
1481,61,3321
1482,61,3329
1483,61,3338
1484,61,3585
1485,62,496
1486,62,839
1487,62,869
1488,62,881
1489,62,907
1490,62,915
1491,62,944
1492,62,948
1493,62,1115
1494,62,1398
1495,62,1705
1496,62,1759
1497,62,2052
1498,62,2085
1499,62,2352
1500,62,2699
1501,62,2704
1502,62,3258
1503,62,3534
1504,62,3762
1505,63,92
1506,63,1433
1507,63,1491
1508,63,1558
1509,63,1573
1510,63,1653
1511,63,1704
1512,63,1789
1513,63,2359
1514,63,2610
1515,63,3041
1516,63,3076
1517,63,3719
1518,63,3730
1519,63,3735
1520,64,49
1521,64,477
1522,64,1494
1523,64,1955
1524,64,2130
1525,64,2167
1526,64,2216
1527,64,2257
1528,64,2295
1529,64,2547
1530,64,3181
1531,64,3465
1532,64,3741
1533,65,260
1534,65,849
1535,65,1224
1536,65,1740
1537,65,2291
1538,65,3064
1539,65,3282
1540,65,3290
1541,65,3331
1542,65,3420
1543,65,3438
1544,65,3667
1545,66,838
1546,66,900
1547,66,1008
1548,66,1074
1549,66,1504
1550,66,1559
1551,66,1871
1552,66,1979
1553,66,2028
1554,66,3170
1555,66,3518
1556,67,711
1557,67,749
1558,67,777
1559,67,806
1560,67,1246
1561,67,1260
1562,67,1577
1563,67,1712
1564,67,2850
1565,67,2931
1566,67,3721
1567,68,94
1568,68,148
1569,68,428
1570,68,607
1571,68,824
1572,68,913
1573,68,2819
1574,68,3353
1575,68,3499
1576,68,3601
1577,69,51
1578,69,552
1579,69,599
1580,69,1267
1581,69,1808
1582,69,1815
1583,69,2306
1584,69,2316
1585,69,2345
1586,70,90
1587,70,105
1588,70,195
1589,70,836
1590,70,1014
1591,70,1221
1592,70,1242
1593,70,1274
1594,70,2035
1595,70,2247
1596,70,2308
1597,70,2341
1598,70,2397
1599,70,2570
1600,70,2673
1601,70,2703
1602,70,2731
1603,70,2860
1604,70,2913
1605,70,2930
1606,70,2991
1607,70,2998
1608,70,3227
1609,70,3275
1610,70,3496
1611,70,3670
1612,71,191
1613,71,394
1614,71,685
1615,71,1137
1616,71,1212
1617,71,1257
1618,71,1512
1619,71,1655
1620,71,1866
1621,71,1881
1622,71,2219
1623,71,2571
1624,71,2581
1625,71,2656
1626,71,2851
1627,71,2906
1628,71,3396
1629,71,3408
1630,71,3553
1631,71,3637
1632,71,3782
1633,72,1223
1634,72,1250
1635,72,1268
1636,72,1710
1637,72,1943
1638,72,2160
1639,72,2176
1640,72,2192
1641,72,2206
1642,72,2230
1643,72,2232
1644,72,2237
1645,72,2246
1646,72,2250
1647,72,2259
1648,72,2263
1649,72,2770
1650,72,3055
1651,72,3450
1652,72,3488
1653,73,451
1654,73,1375
1655,73,1548
1656,73,1795
1657,73,2325
1658,73,2576
1659,73,2613
1660,73,2775
1661,73,2806
1662,73,2895
1663,73,2920
1664,73,3019
1665,73,3407
1666,73,3665
1667,73,3689
1668,73,3732
1669,74,481
1670,74,1040
1671,74,1175
1672,74,1184
1673,74,1357
1674,74,1627
1675,74,1702
1676,74,2073
1677,74,2194
1678,74,2299
1679,74,2540
1680,74,3453
1681,74,3616
1682,74,3739
1683,75,1172
1684,75,1864
1685,75,2378
1686,75,2462
1687,75,2580
1688,75,2648
1689,75,2894
1690,75,3159
1691,75,3657
1692,75,3788
1693,76,1368
1694,76,1814
1695,76,2068
1696,76,2298
1697,76,2301
1698,76,2979
1699,76,3532
1700,76,3701
1701,76,3795
1702,77,1717
1703,77,1959
1704,77,1972
1705,77,2010
1706,77,2405
1707,77,3060
1708,77,3220
1709,77,3431
1710,78,558
1711,78,1213
1712,78,1243
1713,78,1442
1714,78,1957
1715,78,2410
1716,78,2719
1717,78,3334
1718,79,1039
1719,79,1069
1720,79,2307
1721,79,2640
1722,79,2809
1723,79,2921
1724,79,3087
1725,80,128
1726,80,187
1727,80,1022
1728,80,1344
1729,80,1455
1730,80,2171
1731,80,3169
1732,81,810
1733,81,1278
1734,81,1951
1735,81,2169
1736,81,2221
1737,81,2875
1738,82,129
1739,82,184
1740,82,242
1741,82,308
1742,82,342
1743,82,386
1744,82,435
1745,82,746
1746,82,1419
1747,82,1453
1748,82,1476
1749,82,1661
1750,82,1839
1751,82,1891
1752,82,1892
1753,82,1931
1754,82,1977
1755,82,2013
1756,82,2045
1757,82,2111
1758,82,2183
1759,82,2198
1760,82,2249
1761,82,2442
1762,82,2467
1763,82,2469
1764,82,2493
1765,82,2726
1766,82,2919
1767,82,2951
1768,82,2976
1769,82,3050
1770,82,3081
1771,82,3113
1772,82,3268
1773,82,3583
1774,83,0
1775,83,1
1776,83,6
1777,83,8
1778,83,14
1779,83,16
1780,83,22
1781,83,27
1782,83,33
1783,83,41
1784,83,54
1785,83,59
1786,83,79
1787,83,82
1788,83,434
1789,83,587
1790,83,779
1791,83,788
1792,83,845
1793,83,931
1794,83,1439
1795,83,1515
1796,83,1583
1797,83,1779
1798,83,1870
1799,83,2152
1800,83,2178
1801,83,2328
1802,83,2638
1803,83,2651
1804,83,2661
1805,83,3204
1806,83,3470
1807,83,3547
1808,83,3755
1809,84,10
1810,84,64
1811,84,81
1812,84,236
1813,84,483
1814,84,612
1815,84,882
1816,84,891
1817,84,894
1818,84,1029
1819,84,1121
1820,84,1189
1821,84,1280
1822,84,1603
1823,84,1794
1824,84,1805
1825,84,2144
1826,84,2156
1827,84,2157
1828,84,2158
1829,84,2436
1830,84,2579
1831,84,2647
1832,84,3121
1833,84,3153
1834,84,3157
1835,84,3205
1836,84,3207
1837,84,3435
1838,84,3467
1839,84,3520
1840,84,3633
1841,85,119
1842,85,255
1843,85,399
1844,85,511
1845,85,1248
1846,85,1251
1847,85,1286
1848,85,1400
1849,85,1408
1850,85,1449
1851,85,1523
1852,85,1754
1853,85,1802
1854,85,1878
1855,85,1906
1856,85,1928
1857,85,1937
1858,85,1946
1859,85,1962
1860,85,2213
1861,85,2532
1862,85,2759
1863,85,2771
1864,85,2784
1865,85,3078
1866,85,3393
1867,85,3405
1868,85,3437
1869,86,44
1870,86,65
1871,86,876
1872,86,1307
1873,86,1468
1874,86,1630
1875,86,1652
1876,86,1743
1877,86,1758
1878,86,1791
1879,86,2019
1880,86,2037
1881,86,2129
1882,86,2433
1883,86,2592
1884,86,2626
1885,86,2803
1886,86,2832
1887,86,3000
1888,86,3236
1889,86,3443
1890,86,3452
1891,86,3461
1892,87,11
1893,87,127
1894,87,286
1895,87,619
1896,87,769
1897,87,863
1898,87,937
1899,87,1064
1900,87,1164
1901,87,1492
1902,87,1833
1903,87,1858
1904,87,2222
1905,87,2419
1906,87,2517
1907,87,2611
1908,87,2645
1909,87,2755
1910,87,3273
1911,87,3381
1912,87,3544
1913,87,3693
1914,87,3786
1915,88,168
1916,88,676
1917,88,864
1918,88,1114
1919,88,1320
1920,88,1420
1921,88,1452
1922,88,1458
1923,88,1769
1924,88,1919
1925,88,1958
1926,88,2062
1927,88,2445
1928,88,2484
1929,88,2490
1930,88,2729
1931,88,3025
1932,88,3785
1933,89,206
1934,89,463
1935,89,542
1936,89,544
1937,89,1379
1938,89,1698
1939,89,1990
1940,89,2067
1941,89,2070
1942,89,2074
1943,89,2147
1944,89,2302
1945,89,2992
1946,89,3416
1947,89,3419
1948,89,3425
1949,89,3511
1950,89,3784
1951,90,190
1952,90,1127
1953,90,1427
1954,90,1644
1955,90,1719
1956,90,1749
1957,90,1785
1958,90,1850
1959,90,1934
1960,90,2382
1961,90,2641
1962,90,2684
1963,90,2686
1964,90,2701
1965,90,2706
1966,90,3456
1967,90,3737
1968,91,7
1969,91,57
1970,91,1126
1971,91,1569
1972,91,1624
1973,91,1639
1974,91,1642
1975,91,1643
1976,91,1647
1977,91,1739
1978,91,1786
1979,91,2148
1980,91,2270
1981,91,2586
1982,91,2847
1983,91,3003
1984,91,3322
1985,92,132
1986,92,422
1987,92,595
1988,92,664
1989,92,740
1990,92,2204
1991,92,2235
1992,92,2360
1993,92,2602
1994,92,2725
1995,92,2923
1996,92,3247
1997,92,3457
1998,92,3502
1999,92,3678
2000,92,3750
2001,93,412
2002,93,687
2003,93,1318
2004,93,1584
2005,93,1667
2006,93,1713
2007,93,1920
2008,93,2044
2009,93,2184
2010,93,2573
2011,93,2598
2012,93,2630
2013,93,2826
2014,93,2935
2015,93,3148
2016,93,3729
2017,94,408
2018,94,585
2019,94,659
2020,94,1043
2021,94,1214
2022,94,1315
2023,94,1671
2024,94,2026
2025,94,2443
2026,94,2486
2027,94,2583
2028,94,2740
2029,94,3663
2030,94,3772
2031,95,115
2032,95,140
2033,95,396
2034,95,416
2035,95,1083
2036,95,1446
2037,95,1724
2038,95,1909
2039,95,2429
2040,95,2476
2041,95,2866
2042,95,3077
2043,95,3186
2044,95,3483
2045,96,706
2046,96,1044
2047,96,1241
2048,96,1493
2049,96,1631
2050,96,1793
2051,96,1910
2052,96,1929
2053,96,2593
2054,96,2753
2055,96,2917
2056,96,3042
2057,96,3082
2058,96,3400
2059,97,136
2060,97,714
2061,97,781
2062,97,1697
2063,97,1846
2064,97,1896
2065,97,2061
2066,97,2066
2067,97,2227
2068,97,2229
2069,97,2488
2070,97,3119
2071,98,83
2072,98,748
2073,98,1529
2074,98,1701
2075,98,1948
2076,98,2151
2077,98,2155
2078,98,2239
2079,98,3194
2080,98,3199
2081,98,3384
2082,99,695
2083,99,958
2084,99,1343
2085,99,1498
2086,99,2059
2087,99,2572
2088,99,2607
2089,99,2990
2090,100,693
2091,100,1720
2092,100,1897
2093,100,2189
2094,100,2313
2095,100,2858
2096,100,3489
2097,100,3673
2098,101,404
2099,101,432
2100,101,1088
2101,101,1636
2102,101,1889
2103,101,2711
2104,101,3409
2105,102,237
2106,102,261
2107,102,279
2108,102,329
2109,102,421
2110,102,1328
2111,102,1803
2112,102,1817
2113,102,2081
2114,102,2211
2115,102,2591
2116,102,2910
2117,102,2942
2118,102,2966
2119,102,3447
2120,102,3581
2121,103,130
2122,103,281
2123,103,325
2124,103,390
2125,103,901
2126,103,1155
2127,103,2327
2128,103,2564
2129,103,2681
2130,103,2813
2131,103,2957
2132,104,400
2133,104,403
2134,104,1052
2135,104,1688
2136,104,2199
2137,104,2262
2138,104,2285
2139,104,2482
2140,104,2491
2141,104,3083
2142,105,392
2143,105,591
2144,105,1365
2145,105,2060
2146,105,3022
2147,106,330
2148,106,504
2149,106,3440
2150,106,3451
2151,106,3644
2152,107,67
2153,107,71
2154,107,77
2155,107,554
2156,107,559
2157,107,563
2158,107,603
2159,107,637
2160,107,726
2161,107,764
2162,107,774
2163,107,890
2164,107,1000
2165,107,1230
2166,107,1437
2167,107,1479
2168,107,1480
2169,107,1511
2170,107,1692
2171,107,1738
2172,107,1799
2173,107,1872
2174,107,1953
2175,107,2076
2176,107,2243
2177,107,2559
2178,107,2709
2179,107,2985
2180,107,3146
2181,107,3232
2182,107,3237
2183,107,3270
2184,107,3352
2185,107,3480
2186,107,3591
2187,107,3600
2188,107,3613
2189,108,104
2190,108,288
2191,108,453
2192,108,460
2193,108,461
2194,108,464
2195,108,465
2196,108,583
2197,108,597
2198,108,598
2199,108,675
2200,108,904
2201,108,1169
2202,108,1369
2203,108,1370
2204,108,1377
2205,108,1387
2206,108,1392
2207,108,1395
2208,108,1399
2209,108,1598
2210,108,2201
2211,108,2315
2212,108,2375
2213,108,2504
2214,108,2557
2215,108,2663
2216,108,2898
2217,108,2999
2218,108,3197
2219,108,3243
2220,108,3278
2221,108,3343
2222,108,3631
2223,109,566
2224,109,590
2225,109,605
2226,109,820
2227,109,830
2228,109,833
2229,109,837
2230,109,870
2231,109,884
2232,109,977
2233,109,1031
2234,109,1108
2235,109,1186
2236,109,1195
2237,109,1204
2238,109,1206
2239,109,1244
2240,109,1371
2241,109,1623
2242,109,1783
2243,109,2109
2244,109,2128
2245,109,2150
2246,109,2376
2247,109,2563
2248,109,2871
2249,109,2905
2250,109,3165
2251,109,3244
2252,109,3252
2253,109,3269
2254,109,3299
2255,109,3536
2256,110,34
2257,110,555
2258,110,569
2259,110,708
2260,110,732
2261,110,755
2262,110,760
2263,110,949
2264,110,1329
2265,110,1348
2266,110,1397
2267,110,1456
2268,110,1471
2269,110,1687
2270,110,1747
2271,110,1854
2272,110,2065
2273,110,2141
2274,110,2234
2275,110,2282
2276,110,2554
2277,110,2597
2278,110,2741
2279,110,2829
2280,110,3062
2281,110,3065
2282,110,3118
2283,110,3484
2284,110,3519
2285,111,181
2286,111,684
2287,111,743
2288,111,786
2289,111,879
2290,111,916
2291,111,921
2292,111,963
2293,111,1007
2294,111,1106
2295,111,1131
2296,111,1229
2297,111,1319
2298,111,1560
2299,111,1633
2300,111,1711
2301,111,2181
2302,111,2275
2303,111,2401
2304,111,2518
2305,111,2718
2306,111,2839
2307,111,2848
2308,111,3144
2309,111,3228
2310,111,3361
2311,111,3538
2312,111,3742
2313,111,3759
2314,112,100
2315,112,319
2316,112,561
2317,112,584
2318,112,588
2319,112,601
2320,112,634
2321,112,725
2322,112,909
2323,112,946
2324,112,1065
2325,112,1208
2326,112,1436
2327,112,1556
2328,112,1658
2329,112,1964
2330,112,2106
2331,112,2380
2332,112,2473
2333,112,2525
2334,112,2550
2335,112,2715
2336,112,2730
2337,112,2918
2338,112,3067
2339,112,3109
2340,112,3110
2341,112,3223
2342,113,620
2343,113,642
2344,113,840
2345,113,994
2346,113,1084
2347,113,1187
2348,113,1198
2349,113,1296
2350,113,1396
2351,113,1591
2352,113,1609
2353,113,1966
2354,113,2321
2355,113,2584
2356,113,2769
2357,113,2808
2358,113,2907
2359,113,3117
2360,113,3172
2361,113,3206
2362,113,3208
2363,113,3209
2364,113,3211
2365,113,3224
2366,114,267
2367,114,456
2368,114,616
2369,114,728
2370,114,981
2371,114,984
2372,114,1554
2373,114,2133
2374,114,2182
2375,114,2680
2376,114,2779
2377,114,2838
2378,114,2877
2379,114,3048
2380,114,3691
2381,114,3775
2382,114,3794
2383,115,256
2384,115,1149
2385,115,1467
2386,115,1669
2387,115,1935
2388,115,2097
2389,115,2248
2390,115,2252
2391,115,2739
2392,115,2788
2393,115,2846
2394,115,2890
2395,115,3059
2396,115,3650
2397,115,3702
2398,115,3704
2399,116,753
2400,116,855
2401,116,1245
2402,116,1385
2403,116,1438
2404,116,2079
2405,116,2487
2406,116,3297
2407,116,3307
2408,116,3326
2409,116,3578
2410,116,3584
2411,116,3710
2412,116,3793
2413,117,243
2414,117,323
2415,117,951
2416,117,1359
2417,117,2164
2418,117,2264
2419,117,2330
2420,117,2624
2421,117,2831
2422,117,3128
2423,117,3145
2424,117,3312
2425,117,3392
2426,117,3778
2427,118,843
2428,118,978
2429,118,1134
2430,118,1374
2431,118,1478
2432,118,2049
2433,118,2172
2434,118,2634
2435,118,2682
2436,118,2904
2437,118,3529
2438,118,3675
2439,119,1562
2440,119,2205
2441,119,3458
2442,119,3522
2443,119,3660
2444,120,4
2445,120,5
2446,120,9
2447,120,48
2448,120,63
2449,120,75
2450,120,85
2451,120,239
2452,120,263
2453,120,459
2454,120,492
2455,120,493
2456,120,512
2457,120,525
2458,120,528
2459,120,531
2460,120,538
2461,120,557
2462,120,721
2463,120,828
2464,120,875
2465,120,929
2466,120,940
2467,120,942
2468,120,1032
2469,120,1060
2470,120,1062
2471,120,1072
2472,120,1097
2473,120,1211
2474,120,1372
2475,120,1373
2476,120,1497
2477,120,1601
2478,120,1860
2479,120,1978
2480,120,2089
2481,120,2166
2482,120,2272
2483,120,2303
2484,120,2338
2485,120,2421
2486,120,2422
2487,120,2524
2488,120,2562
2489,120,2672
2490,120,2675
2491,120,2693
2492,120,2698
2493,120,2717
2494,120,2724
2495,120,2799
2496,120,2833
2497,120,2870
2498,120,2874
2499,120,2915
2500,120,3044
2501,120,3142
2502,120,3167
2503,120,3178
2504,120,3184
2505,120,3226
2506,120,3245
2507,120,3426
2508,120,3441
2509,120,3464
2510,120,3474
2511,120,3498
2512,120,3507
2513,120,3513
2514,120,3528
2515,120,3573
2516,120,3672
2517,120,3677
2518,120,3679
2519,120,3733
2520,120,3738
2521,121,478
2522,121,608
2523,121,613
2524,121,1132
2525,121,1634
2526,121,1668
2527,121,1673
2528,121,1674
2529,121,1721
2530,121,1723
2531,121,1727
2532,121,1733
2533,121,1737
2534,121,2077
2535,121,2256
2536,121,2390
2537,121,3200
2538,121,3210
2539,121,3305
2540,121,3308
2541,121,3344
2542,121,3482
2543,121,3490
2544,121,3539
2545,121,3767
2546,122,91
2547,122,324
2548,122,439
2549,122,441
2550,122,618
2551,122,842
2552,122,897
2553,122,1122
2554,122,1335
2555,122,1691
2556,122,1746
2557,122,1804
2558,122,1821
2559,122,2095
2560,122,2238
2561,122,2274
2562,122,2283
2563,122,2414
2564,122,2511
2565,122,2662
2566,122,2695
2567,122,2733
2568,122,2777
2569,122,3005
2570,122,3089
2571,122,3196
2572,122,3515
2573,122,3523
2574,122,3674
2575,123,131
2576,123,348
2577,123,877
2578,123,885
2579,123,922
2580,123,1146
2581,123,1150
2582,123,1174
2583,123,1191
2584,123,1417
2585,123,1540
2586,123,1543
2587,123,1606
2588,123,1888
2589,123,1894
2590,123,1954
2591,123,2143
2592,123,2367
2593,123,2668
2594,123,3154
2595,123,3376
2596,123,3417
2597,123,3514
2598,123,3527
2599,123,3533
2600,123,3725
2601,124,271
2602,124,284
2603,124,1313
2604,124,1618
2605,124,1922
2606,124,2137
2607,124,2140
2608,124,2677
2609,124,2836
2610,124,2879
2611,124,3021
2612,124,3101
2613,124,3130
2614,124,3300
2615,124,3524
2616,124,3555
2617,124,3629
2618,124,3708
2619,125,193
2620,125,278
2621,125,715
2622,125,1158
2623,125,1273
2624,125,1322
2625,125,1339
2626,125,1347
2627,125,1349
2628,125,1620
2629,125,1718
2630,125,2713
2631,125,2936
2632,126,270
2633,126,318
2634,126,337
2635,126,860
2636,126,895
2637,126,2324
2638,126,2666
2639,126,3428
2640,126,3487
2641,126,3526
2642,127,313
2643,127,1254
2644,127,1362
2645,127,1796
2646,127,2025
2647,127,3100
2648,127,3328
2649,127,3709
2650,128,1578
2651,128,1842
2652,128,2009
2653,128,2244
2654,128,2361
2655,128,2792
2656,128,2969
2657,129,314
2658,129,562
2659,129,834
2660,129,2142
2661,129,2403
2662,129,3716
2663,129,3774
2664,130,606
2665,130,2818
2666,130,2988
2667,130,3765
2668,130,3771
2669,131,40
2670,131,60
2671,131,139
2672,131,160
2673,131,177
2674,131,194
2675,131,235
2676,131,377
2677,131,415
2678,131,517
2679,131,543
2680,131,576
2681,131,604
2682,131,622
2683,131,626
2684,131,643
2685,131,679
2686,131,718
2687,131,738
2688,131,768
2689,131,926
2690,131,970
2691,131,995
2692,131,999
2693,131,1037
2694,131,1067
2695,131,1304
2696,131,1380
2697,131,1409
2698,131,1448
2699,131,1463
2700,131,1488
2701,131,1521
2702,131,1542
2703,131,1645
2704,131,1699
2705,131,1748
2706,131,1770
2707,131,1853
2708,131,1903
2709,131,1945
2710,131,1997
2711,131,2000
2712,131,2050
2713,131,2078
2714,131,2104
2715,131,2126
2716,131,2145
2717,131,2233
2718,131,2251
2719,131,2354
2720,131,2372
2721,131,2451
2722,131,2457
2723,131,2516
2724,131,2522
2725,131,2609
2726,131,2622
2727,131,2671
2728,131,2689
2729,131,2783
2730,131,2841
2731,131,2883
2732,131,2928
2733,131,2983
2734,131,2995
2735,131,3008
2736,131,3013
2737,131,3031
2738,131,3035
2739,131,3036
2740,131,3040
2741,131,3052
2742,131,3053
2743,131,3072
2744,131,3091
2745,131,3212
2746,131,3231
2747,131,3260
2748,131,3261
2749,131,3306
2750,131,3372
2751,131,3446
2752,131,3449
2753,131,3459
2754,131,3476
2755,131,3477
2756,131,3478
2757,131,3545
2758,132,2
2759,132,15
2760,132,28
2761,132,116
2762,132,262
2763,132,311
2764,132,345
2765,132,427
2766,132,485
2767,132,498
2768,132,535
2769,132,624
2770,132,630
2771,132,681
2772,132,716
2773,132,800
2774,132,816
2775,132,844
2776,132,971
2777,132,975
2778,132,1093
2779,132,1157
2780,132,1165
2781,132,1201
2782,132,1292
2783,132,1415
2784,132,1429
2785,132,1431
2786,132,1440
2787,132,1489
2788,132,1593
2789,132,1616
2790,132,1626
2791,132,1650
2792,132,1742
2793,132,1764
2794,132,1811
2795,132,1824
2796,132,1832
2797,132,1845
2798,132,1849
2799,132,1851
2800,132,1859
2801,132,1998
2802,132,2154
2803,132,2165
2804,132,2209
2805,132,2215
2806,132,2217
2807,132,2292
2808,132,2373
2809,132,2398
2810,132,2434
2811,132,2514
2812,132,2646
2813,132,2665
2814,132,2791
2815,132,2865
2816,132,2978
2817,132,3011
2818,132,3026
2819,132,3075
2820,132,3230
2821,132,3234
2822,132,3294
2823,132,3422
2824,132,3434
2825,132,3471
2826,132,3485
2827,132,3506
2828,132,3530
2829,132,3531
2830,132,3638
2831,133,145
2832,133,364
2833,133,384
2834,133,398
2835,133,657
2836,133,680
2837,133,691
2838,133,1076
2839,133,1081
2840,133,1086
2841,133,1154
2842,133,1337
2843,133,1352
2844,133,1384
2845,133,1450
2846,133,1585
2847,133,1628
2848,133,1690
2849,133,1695
2850,133,1806
2851,133,1989
2852,133,2015
2853,133,2022
2854,133,2162
2855,133,2174
2856,133,2188
2857,133,2286
2858,133,2439
2859,133,2450
2860,133,2481
2861,133,2494
2862,133,2714
2863,133,2721
2864,133,2744
2865,133,2778
2866,133,2859
2867,133,2912
2868,133,2926
2869,133,3018
2870,133,3096
2871,133,3132
2872,133,3173
2873,133,3336
2874,133,3347
2875,133,3349
2876,133,3383
2877,133,3557
2878,133,3568
2879,133,3598
2880,133,3687
2881,133,3692
2882,134,56
2883,134,473
2884,134,475
2885,134,490
2886,134,501
2887,134,505
2888,134,508
2889,134,514
2890,134,520
2891,134,522
2892,134,524
2893,134,551
2894,134,660
2895,134,766
2896,134,791
2897,134,796
2898,134,803
2899,134,809
2900,134,813
2901,134,847
2902,134,866
2903,134,905
2904,134,930
2905,134,1004
2906,134,1026
2907,134,1033
2908,134,1035
2909,134,1053
2910,134,1057
2911,134,1058
2912,134,1059
2913,134,1063
2914,134,1066
2915,134,1116
2916,134,1125
2917,134,1143
2918,134,1159
2919,134,1182
2920,134,1190
2921,134,1394
2922,134,1750
2923,134,1757
2924,134,1762
2925,134,1765
2926,134,2297
2927,134,2304
2928,134,2560
2929,134,2574
2930,134,3203
2931,134,3298
2932,134,3713
2933,135,18
2934,135,53
2935,135,102
2936,135,122
2937,135,143
2938,135,169
2939,135,220
2940,135,402
2941,135,425
2942,135,573
2943,135,631
2944,135,682
2945,135,705
2946,135,713
2947,135,722
2948,135,742
2949,135,787
2950,135,795
2951,135,862
2952,135,976
2953,135,1030
2954,135,1272
2955,135,1469
2956,135,1500
2957,135,1520
2958,135,1572
2959,135,1588
2960,135,1654
2961,135,1683
2962,135,1835
2963,135,1861
2964,135,2046
2965,135,2083
2966,135,2088
2967,135,2254
2968,135,2339
2969,135,2363
2970,135,2625
2971,135,2789
2972,135,2941
2973,135,3015
2974,135,3074
2975,135,3229
2976,135,3263
2977,135,3463
2978,135,3469
2979,135,3473
2980,135,3504
2981,135,3608
2982,135,3718
2983,135,3748
2984,136,3
2985,136,43
2986,136,47
2987,136,52
2988,136,68
2989,136,95
2990,136,110
2991,136,458
2992,136,491
2993,136,499
2994,136,586
2995,136,668
2996,136,854
2997,136,933
2998,136,972
2999,136,1070
3000,136,1096
3001,136,1109
3002,136,1145
3003,136,1386
3004,136,1533
3005,136,1570
3006,136,1580
3007,136,1605
3008,136,1619
3009,136,1656
3010,136,1766
3011,136,1827
3012,136,1969
3013,136,2093
3014,136,2294
3015,136,2334
3016,136,2460
3017,136,2466
3018,136,3125
3019,136,3179
3020,136,3323
3021,136,3412
3022,136,3472
3023,136,3559
3024,136,3593
3025,136,3615
3026,136,3618
3027,136,3634
3028,136,3635
3029,136,3705
3030,136,3714
3031,136,3736
3032,136,3743
3033,136,3787
3034,137,35
3035,137,226
3036,137,322
3037,137,454
3038,137,652
3039,137,811
3040,137,1163
3041,137,1255
3042,137,1261
3043,137,1317
3044,137,1351
3045,137,1460
3046,137,1535
3047,137,1612
3048,137,1638
3049,137,1751
3050,137,1826
3051,137,1857
3052,137,1982
3053,137,1986
3054,137,1993
3055,137,2047
3056,137,2118
3057,137,2245
3058,137,2426
3059,137,2505
3060,137,2750
3061,137,2787
3062,137,2852
3063,137,2997
3064,137,3024
3065,137,3088
3066,137,3094
3067,137,3095
3068,137,3124
3069,137,3213
3070,137,3301
3071,137,3402
3072,137,3432
3073,137,3495
3074,137,3586
3075,137,3680
3076,138,113
3077,138,210
3078,138,277
3079,138,327
3080,138,372
3081,138,414
3082,138,447
3083,138,669
3084,138,678
3085,138,697
3086,138,792
3087,138,992
3088,138,1034
3089,138,1103
3090,138,1194
3091,138,1302
3092,138,1410
3093,138,1426
3094,138,1445
3095,138,1461
3096,138,1483
3097,138,1503
3098,138,1516
3099,138,1541
3100,138,1552
3101,138,1557
3102,138,1564
3103,138,1589
3104,138,1595
3105,138,1607
3106,138,1816
3107,138,1877
3108,138,1975
3109,138,2432
3110,138,2566
3111,138,2867
3112,138,3682
3113,139,45
3114,139,66
3115,139,78
3116,139,333
3117,139,429
3118,139,532
3119,139,581
3120,139,789
3121,139,802
3122,139,887
3123,139,1025
3124,139,1547
3125,139,1637
3126,139,1745
3127,139,1867
3128,139,2415
3129,139,2567
3130,139,2692
3131,139,2696
3132,139,2773
3133,139,2896
3134,139,3047
3135,139,3151
3136,139,3158
3137,139,3218
3138,139,3222
3139,139,3295
3140,139,3351
3141,139,3380
3142,139,3421
3143,139,3510
3144,139,3535
3145,139,3599
3146,139,3646
3147,139,3671
3148,139,3740
3149,140,36
3150,140,101
3151,140,215
3152,140,283
3153,140,299
3154,140,334
3155,140,382
3156,140,486
3157,140,646
3158,140,798
3159,140,826
3160,140,906
3161,140,953
3162,140,1001
3163,140,1041
3164,140,1090
3165,140,1168
3166,140,1200
3167,140,1288
3168,140,1350
3169,140,1473
3170,140,1726
3171,140,2087
3172,140,2117
3173,140,2510
3174,140,2519
3175,140,2596
3176,140,2716
3177,140,2869
3178,140,2882
3179,140,3141
3180,140,3257
3181,140,3752
3182,140,3756
3183,141,31
3184,141,172
3185,141,202
3186,141,391
3187,141,636
3188,141,712
3189,141,782
3190,141,986
3191,141,1366
3192,141,1586
3193,141,1664
3194,141,1778
3195,141,1797
3196,141,1991
3197,141,2226
3198,141,2485
3199,141,2599
3200,141,2631
3201,141,2659
3202,141,2793
3203,141,2840
3204,141,2853
3205,141,2855
3206,141,2899
3207,141,3002
3208,141,3023
3209,141,3084
3210,141,3147
3211,141,3240
3212,141,3501
3213,141,3566
3214,141,3587
3215,141,3639
3216,142,186
3217,142,572
3218,142,724
3219,142,853
3220,142,1075
3221,142,1087
3222,142,1259
3223,142,1290
3224,142,1311
3225,142,1602
3226,142,1685
3227,142,1838
3228,142,1913
3229,142,2003
3230,142,2023
3231,142,2168
3232,142,2458
3233,142,2627
3234,142,2774
3235,142,2834
3236,142,2893
3237,142,3010
3238,142,3098
3239,142,3129
3240,142,3175
3241,142,3277
3242,142,3565
3243,142,3685
3244,143,176
3245,143,297
3246,143,328
3247,143,374
3248,143,574
3249,143,623
3250,143,699
3251,143,823
3252,143,908
3253,143,1160
3254,143,1303
3255,143,1378
3256,143,1625
3257,143,1675
3258,143,1852
3259,143,1899
3260,143,1965
3261,143,2207
3262,143,2318
3263,143,2513
3264,143,2568
3265,143,2578
3266,143,2588
3267,143,2621
3268,143,2639
3269,143,2643
3270,143,2654
3271,143,2669
3272,144,32
3273,144,38
3274,144,250
3275,144,567
3276,144,730
3277,144,858
3278,144,1078
3279,144,1264
3280,144,1276
3281,144,1391
3282,144,1444
3283,144,1466
3284,144,1663
3285,144,1947
3286,144,2033
3287,144,2193
3288,144,2365
3289,144,2444
3290,144,2727
3291,144,2925
3292,144,3190
3293,144,3242
3294,144,3620
3295,144,3621
3296,144,3622
3297,144,3694
3298,144,3703
3299,145,87
3300,145,204
3301,145,208
3302,145,234
3303,145,293
3304,145,446
3305,145,1209
3306,145,1222
3307,145,1238
3308,145,1249
3309,145,1266
3310,145,1283
3311,145,1299
3312,145,1324
3313,145,1333
3314,145,1336
3315,145,1354
3316,145,2098
3317,145,2114
3318,145,2124
3319,145,2136
3320,145,2179
3321,145,2776
3322,145,3276
3323,145,3442
3324,145,3521
3325,146,282
3326,146,513
3327,146,545
3328,146,615
3329,146,797
3330,146,815
3331,146,822
3332,146,1193
3333,146,1976
3334,146,2075
3335,146,2335
3336,146,2413
3337,146,2537
3338,146,2555
3339,146,2556
3340,146,2723
3341,146,2734
3342,146,2812
3343,146,3198
3344,146,3201
3345,146,3387
3346,146,3492
3347,146,3500
3348,146,3512
3349,146,3625
3350,146,3715
3351,147,614
3352,147,750
3353,147,776
3354,147,801
3355,147,1079
3356,147,1111
3357,147,1621
3358,147,1641
3359,147,1686
3360,147,1841
3361,147,1940
3362,147,1974
3363,147,2276
3364,147,2379
3365,147,2423
3366,147,2618
3367,147,2633
3368,147,2827
3369,147,3115
3370,147,3360
3371,147,3427
3372,147,3614
3373,147,3681
3374,147,3766
3375,148,70
3376,148,503
3377,148,529
3378,148,988
3379,148,1270
3380,148,1629
3381,148,1689
3382,148,1800
3383,148,1933
3384,148,2054
3385,148,2261
3386,148,2265
3387,148,2528
3388,148,2637
3389,148,2802
3390,148,2900
3391,148,3202
3392,148,3246
3393,148,3330
3394,148,3340
3395,148,3410
3396,148,3589
3397,148,3592
3398,148,3655
3399,149,21
3400,149,42
3401,149,484
3402,149,580
3403,149,628
3404,149,638
3405,149,701
3406,149,719
3407,149,973
3408,149,1028
3409,149,1071
3410,149,1162
3411,149,1199
3412,149,1441
3413,149,1563
3414,149,1856
3415,149,1956
3416,149,3009
3417,149,3163
3418,149,3241
3419,149,3254
3420,149,3286
3421,149,3415
3422,149,3654
3423,150,69
3424,150,124
3425,150,430
3426,150,527
3427,150,744
3428,150,1136
3429,150,1228
3430,150,1332
3431,150,1735
3432,150,2180
3433,150,2420
3434,150,2628
3435,150,2873
3436,150,2973
3437,150,3046
3438,150,3108
3439,150,3191
3440,150,3350
3441,150,3466
3442,150,3619
3443,150,3627
3444,150,3648
3445,150,3790
3446,151,238
3447,151,703
3448,151,799
3449,151,910
3450,151,923
3451,151,950
3452,151,1123
3453,151,1432
3454,151,1545
3455,151,1774
3456,151,2090
3457,151,2214
3458,151,2551
3459,151,2558
3460,151,2785
3461,151,2889
3462,151,3014
3463,151,3182
3464,151,3214
3465,151,3317
3466,151,3610
3467,151,3642
3468,152,25
3469,152,39
3470,152,340
3471,152,436
3472,152,773
3473,152,939
3474,152,1176
3475,152,1635
3476,152,1865
3477,152,1868
3478,152,2223
3479,152,2435
3480,152,2619
3481,152,2650
3482,152,2657
3483,152,2916
3484,152,2967
3485,152,3020
3486,152,3057
3487,152,3251
3488,152,3751
3489,152,3783
3490,153,476
3491,153,495
3492,153,509
3493,153,519
3494,153,523
3495,153,541
3496,153,883
3497,153,932
3498,153,934
3499,153,1120
3500,153,1197
3501,153,1207
3502,153,1810
3503,153,2071
3504,153,2862
3505,153,3177
3506,153,3185
3507,153,3187
3508,153,3189
3509,153,3192
3510,153,3217
3511,153,3640
3512,154,58
3513,154,474
3514,154,482
3515,154,526
3516,154,530
3517,154,565
3518,154,611
3519,154,835
3520,154,928
3521,154,1080
3522,154,1113
3523,154,2470
3524,154,2561
3525,154,2683
3526,154,3193
3527,154,3253
3528,154,3342
3529,154,3354
3530,154,3747
3531,155,211
3532,155,373
3533,155,793
3534,155,966
3535,155,996
3536,155,1484
3537,155,1773
3538,155,2346
3539,155,2350
3540,155,2472
3541,155,2475
3542,155,2496
3543,155,2508
3544,155,2526
3545,155,2530
3546,155,2534
3547,155,2538
3548,156,62
3549,156,120
3550,156,720
3551,156,804
3552,156,1050
3553,156,1403
3554,156,1539
3555,156,1775
3556,156,1927
3557,156,1968
3558,156,1971
3559,156,2034
3560,156,2708
3561,156,2732
3562,156,3316
3563,156,3406
3564,156,3486
3565,157,346
3566,157,516
3567,157,534
3568,157,673
3569,157,924
3570,157,1061
3571,157,1662
3572,157,1869
3573,157,2048
3574,157,2629
3575,157,2635
3576,157,2897
3577,157,3255
3578,157,3479
3579,157,3540
3580,157,3649
3581,158,103
3582,158,656
3583,158,918
3584,158,1027
3585,158,1051
3586,158,1171
3587,158,1575
3588,158,1640
3589,158,2404
3590,158,2649
3591,158,2658
3592,158,2835
3593,158,2996
3594,158,3280
3595,158,3335
3596,158,3760
3597,159,37
3598,159,126
3599,159,198
3600,159,533
3601,159,1077
3602,159,1173
3603,159,1703
3604,159,1930
3605,159,2040
3606,159,2267
3607,159,2984
3608,159,3079
3609,159,3374
3610,159,3429
3611,159,3597
3612,159,3659
3613,160,351
3614,160,470
3615,160,471
3616,160,472
3617,160,494
3618,160,497
3619,160,500
3620,160,507
3621,160,518
3622,160,521
3623,160,539
3624,160,547
3625,160,1670
3626,160,3791
3627,161,672
3628,161,689
3629,161,780
3630,161,1055
3631,161,1508
3632,161,1604
3633,161,1921
3634,161,2314
3635,161,2425
3636,161,2603
3637,161,2824
3638,161,3727
3639,162,244
3640,162,253
3641,162,305
3642,162,341
3643,162,389
3644,162,899
3645,162,1367
3646,162,2121
3647,162,3139
3648,162,3753
3649,163,393
3650,163,688
3651,163,1338
3652,163,1361
3653,163,1579
3654,163,2284
3655,163,2804
3656,163,3086
3657,163,3448
3658,163,3556
3659,164,147
3660,164,317
3661,164,549
3662,164,805
3663,164,959
3664,164,1192
3665,164,1405
3666,164,1499
3667,164,2242
3668,164,2440
3669,165,339
3670,165,409
3671,165,410
3672,165,859
3673,165,1614
3674,165,2134
3675,165,2495
3676,165,2952
3677,166,1177
3678,166,2225
3679,166,2368
3680,166,3001
3681,166,3358
3682,166,3433
3683,166,3723
3684,167,312
3685,167,747
3686,167,919
3687,167,2119
3688,167,2349
3689,167,2878
3690,167,3114
3691,168,347
3692,168,2016
3693,168,2406
3694,168,2903
3695,168,3475
3696,169,73
3697,169,225
3698,169,320
3699,169,469
3700,169,564
3701,169,829
3702,169,982
3703,169,1003
3704,169,1217
3705,169,1382
3706,169,1505
3707,169,1526
3708,169,1917
3709,169,1987
3710,169,2506
3711,169,3250
3712,169,3256
3713,169,3325
3714,169,3359
3715,170,188
3716,170,443
3717,170,692
3718,170,898
3719,170,989
3720,170,1142
3721,170,1220
3722,170,2017
3723,170,2577
3724,170,2993
3725,170,3027
3726,170,3238
3727,170,3690
3728,171,338
3729,171,360
3730,171,502
3731,171,602
3732,171,889
3733,171,997
3734,171,1024
3735,171,1388
3736,171,2069
3737,171,2502
3738,171,2553
3739,172,141
3740,172,214
3741,172,442
3742,172,1983
3743,172,2084
3744,172,2116
3745,172,2748
3746,172,3265
3747,172,3385
3748,172,3423
3749,172,3436
3750,173,363
3751,173,468
3752,173,1360
3753,173,1722
3754,173,2057
3755,173,2544
3756,173,3369
3757,173,3505
3758,173,3656
3759,173,3731
3760,174,304
3761,174,488
3762,174,762
3763,174,956
3764,174,1020
3765,174,1615
3766,174,1914
3767,174,3140
3768,174,3160
3769,175,302
3770,175,489
3771,175,827
3772,175,925
3773,175,1247
3774,175,2131
3775,175,2736
3776,175,3418
3777,176,291
3778,176,1203
3779,176,2091
3780,176,2396
3781,176,2939
3782,176,3248
3783,176,3590
3784,176,3661
3785,177,670
3786,177,892
3787,177,1185
3788,177,1285
3789,177,2002
3790,177,3106
3791,177,3602
3792,178,487
3793,178,902
3794,178,1353
3795,178,3516
3796,178,3537
