ID,Description,GeneRatio,BgRatio,pvalue,p.adjust,qvalue,geneID,Count
R-HSA-1989781,PPARA activates gene expression,2/6,117/10899,0.0016662935553778593,0.03273985211989972,0.012696895558963882,SP1/NR1H4,2
R-HSA-400206,Regulation of lipid metabolism by PPARalpha,2/6,119/10899,0.0017231501115736695,0.03273985211989972,0.012696895558963882,SP1/NR1H4,2
R-HSA-8957322,Metabolism of steroids,2/6,154/10899,0.0028665998963596398,0.03631026535388877,0.014081543350538581,SP1/NR1H4,2
R-HSA-193807,Synthesis of bile acids and bile salts via 27-hydroxycholesterol,1/6,15/10899,0.008231160246562674,0.053362507313234046,0.020694601174107388,NR1H4,1
R-HSA-9735871,SARS-CoV-1 targets host intracellular signalling and regulatory pathways,1/6,15/10899,0.008231160246562674,0.053362507313234046,0.020694601174107388,SP1,1
R-HSA-159418,Recycling of bile acids and salts,1/6,18/10899,0.00987059780736832,0.053362507313234046,0.020694601174107388,NR1H4,1
R-HSA-162710,Synthesis of glycosylphosphatidylinositol (GPI),1/6,18/10899,0.00987059780736832,0.053362507313234046,0.020694601174107388,PIGA,1
R-HSA-193368,Synthesis of bile acids and bile salts via 7alpha-hydroxycholesterol,1/6,24/10899,0.0131426983962728,0.053362507313234046,0.020694601174107388,NR1H4,1
R-HSA-211976,Endogenous sterols,1/6,27/10899,0.014775366404042645,0.053362507313234046,0.020694601174107388,NR1H4,1
R-HSA-3928663,EPHA-mediated growth cone collapse,1/6,30/10899,0.016405782870371532,0.053362507313234046,0.020694601174107388,EPHA7,1
R-HSA-4090294,SUMOylation of intracellular receptors,1/6,30/10899,0.016405782870371532,0.053362507313234046,0.020694601174107388,NR1H4,1
R-HSA-2559585,Oncogene Induced Senescence,1/6,33/10899,0.01803395027994803,0.053362507313234046,0.020694601174107388,SP1,1
R-HSA-192105,Synthesis of bile acids and bile salts,1/6,34/10899,0.018576173388573092,0.053362507313234046,0.020694601174107388,NR1H4,1
R-HSA-2173796,SMAD2/SMAD3:SMAD4 heterotrimer regulates transcription,1/6,36/10899,0.019659871115402017,0.053362507313234046,0.020694601174107388,SP1,1
R-HSA-2426168,Activation of gene expression by SREBF (SREBP),1/6,42/10899,0.022904982984187194,0.0565872181596363,0.02194518155775369,SP1,1
R-HSA-194068,Bile acid and bile salt metabolism,1/6,45/10899,0.024524178972504806,0.0565872181596363,0.02194518155775369,NR1H4,1
R-HSA-2173793,Transcriptional activity of SMAD2/SMAD3:SMAD4 heterotrimer,1/6,51/10899,0.02775586342906,0.0565872181596363,0.02194518155775369,SP1,1
R-HSA-3928665,EPH-ephrin mediated repulsion of cells,1/6,51/10899,0.02775586342906,0.0565872181596363,0.02194518155775369,EPHA7,1
R-HSA-383280,Nuclear Receptor transcription pathway,1/6,52/10899,0.02829360907981815,0.0565872181596363,0.02194518155775369,NR1H4,1
R-HSA-1655829,Regulation of cholesterol biosynthesis by SREBP (SREBF),1/6,55/10899,0.02990535913217718,0.05682018235113664,0.022035527781604235,SP1,1
R-HSA-211897,Cytochrome P450 - arranged by substrate type,1/6,66/10899,0.03579606260344159,0.06477382756813241,0.025120043932239718,NR1H4,1
R-HSA-6807505,RNA polymerase II transcribes snRNA genes,1/6,74/10899,0.040061462041408036,0.0691970707987957,0.02683542911864653,SP1,1
R-HSA-163125,Post-translational modification: synthesis of GPI-anchored proteins,1/6,92/10899,0.04960114743303068,0.07480648892625417,0.029010826730403283,PIGA,1
R-HSA-2682334,EPH-Ephrin signaling,1/6,92/10899,0.04960114743303068,0.07480648892625417,0.029010826730403283,EPHA7,1
R-HSA-170834,Signaling by TGF-beta Receptor Complex,1/6,93/10899,0.05012880479542525,0.07480648892625417,0.029010826730403283,SP1,1
R-HSA-9692914,SARS-CoV-1-host interactions,1/6,95/10899,0.05118338716006865,0.07480648892625417,0.029010826730403283,SP1,1
R-HSA-211945,Phase I - Functionalization of compounds,1/6,106/10899,0.05696616571517421,0.08017460359913407,0.031092644055065854,NR1H4,1
R-HSA-9006936,Signaling by TGFB family members,1/6,122/10899,0.0653250292504145,0.08865539683984826,0.03438159434232342,SP1,1
R-HSA-198933,Immunoregulatory interactions between a Lymphoid and a non-Lymphoid cell,1/6,134/10899,0.07155357815607843,0.09375986103210278,0.03636116494319776,CLEC2D,1
R-HSA-9678108,SARS-CoV-1 Infection,1/6,141/10899,0.07517089751114203,0.0952164701807799,0.036926054917753984,SP1,1
R-HSA-9018519,Estrogen-dependent gene expression,1/6,150/10899,0.07980447247589151,0.09782483722851218,0.03793761000551719,SP1,1
R-HSA-3108232,SUMO E3 ligases SUMOylate target proteins,1/6,182/10899,0.09612304299480612,0.11414611355633227,0.044267190852871244,NR1H4,1
R-HSA-2990846,SUMOylation,1/6,188/10899,0.09915576041403518,0.11417936047676779,0.044280084395422414,NR1H4,1
R-HSA-2559583,Cellular Senescence,1/6,197/10899,0.10368893440717275,0.11588763257272248,0.04494257218886745,SP1,1
R-HSA-211859,Biological oxidations,1/6,222/10899,0.11618145739210761,0.12316024218617609,0.04776297480904336,NR1H4,1
R-HSA-8939211,ESR-mediated signaling,1/6,223/10899,0.11667812417637735,0.12316024218617609,0.04776297480904336,SP1,1
R-HSA-9006931,Signaling by Nuclear Receptors,1/6,299/10899,0.1537505284964208,0.15790594818551323,0.06123776383925721,SP1,1
R-HSA-9679506,SARS-CoV Infections,1/6,413/10899,0.20692245149566735,0.20692245149566735,0.08024693409804275,SP1,1
HALLMARK_BILE_ACID_METABOLISM,HALLMARK_BILE_ACID_METABOLISM,1/2,112/4383,0.050459260619923674,0.08918945683776991,0.08918945683776991,NR1H4,1
HALLMARK_KRAS_SIGNALING_UP,HALLMARK_KRAS_SIGNALING_UP,1/2,200/4383,0.08918945683776991,0.08918945683776991,0.08918945683776991,NR1H4,1
HALLMARK_P53_PATHWAY,HALLMARK_P53_PATHWAY,1/2,200/4383,0.08918945683776991,0.08918945683776991,0.08918945683776991,SP1,1
REACTOME_REGULATION_OF_LIPID_METABOLISM_BY_PPARALPHA,REACTOME_REGULATION_OF_LIPID_METABOLISM_BY_PPARALPHA,2/10,120/21728,0.0013223207889017743,0.06369276755171138,0.0269527712464264,SP1/NR1H4,2
REACTOME_METABOLISM_OF_STEROIDS,REACTOME_METABOLISM_OF_STEROIDS,2/10,153/21728,0.0021361087402010674,0.06369276755171138,0.0269527712464264,SP1/NR1H4,2
SERVITJA_LIVER_HNF1A_TARGETS_DN,SERVITJA_LIVER_HNF1A_TARGETS_DN,2/10,167/21728,0.0025375775986588565,0.06369276755171138,0.0269527712464264,CLEC2D/NR1H4,2
WP_ETHANOL_METABOLISM_PRODUCTION_OF_ROS_BY_CYP2E1,WP_ETHANOL_METABOLISM_PRODUCTION_OF_ROS_BY_CYP2E1,1/10,10/21728,0.004593785848601373,0.06369276755171138,0.0269527712464264,SP1,1
BIOCARTA_CELL2CELL_PATHWAY,BIOCARTA_CELL2CELL_PATHWAY,1/10,12/21728,0.005510260620765428,0.06369276755171138,0.0269527712464264,CTNNA3,1
BOYERINAS_ONCOFETAL_TARGETS_OF_LET7A1,BOYERINAS_ONCOFETAL_TARGETS_OF_LET7A1,1/10,12/21728,0.005510260620765428,0.06369276755171138,0.0269527712464264,PIGA,1
TURJANSKI_MAPK1_AND_MAPK2_TARGETS,TURJANSKI_MAPK1_AND_MAPK2_TARGETS,1/10,12/21728,0.005510260620765428,0.06369276755171138,0.0269527712464264,SP1,1
WP_ESTROGEN_RECEPTOR_PATHWAY,WP_ESTROGEN_RECEPTOR_PATHWAY,1/10,13/21728,0.005968213162384162,0.06369276755171138,0.0269527712464264,SP1,1
AFFAR_YY1_TARGETS_DN,AFFAR_YY1_TARGETS_DN,2/10,263/21728,0.0061603942980407896,0.06369276755171138,0.0269527712464264,PIGA/NR1H4,2
REACTOME_SYNTHESIS_OF_BILE_ACIDS_AND_BILE_SALTS_VIA_27_HYDROXYCHOLESTEROL,REACTOME_SYNTHESIS_OF_BILE_ACIDS_AND_BILE_SALTS_VIA_27_HYDROXYCHOLESTEROL,1/10,15/21728,0.006883548906449377,0.06369276755171138,0.0269527712464264,NR1H4,1
ACEVEDO_LIVER_CANCER_WITH_H3K27ME3_UP,ACEVEDO_LIVER_CANCER_WITH_H3K27ME3_UP,2/10,290/21728,0.007443306093349681,0.06369276755171138,0.0269527712464264,DNASE2B/CTNNA3,2
BIOCARTA_HCMV_PATHWAY,BIOCARTA_HCMV_PATHWAY,1/10,17/21728,0.007798125997694028,0.06369276755171138,0.0269527712464264,SP1,1
COLLIS_PRKDC_SUBSTRATES,COLLIS_PRKDC_SUBSTRATES,1/10,17/21728,0.007798125997694028,0.06369276755171138,0.0269527712464264,SP1,1
WP_DRUG_INDUCTION_OF_BILE_ACID_PATHWAY,WP_DRUG_INDUCTION_OF_BILE_ACID_PATHWAY,1/10,17/21728,0.007798125997694028,0.06369276755171138,0.0269527712464264,NR1H4,1
MUELLER_PLURINET,MUELLER_PLURINET,2/10,299/21728,0.007895815059885123,0.06369276755171138,0.0269527712464264,SP1/GDF9,2
BIOCARTA_CALCINEURIN_PATHWAY,BIOCARTA_CALCINEURIN_PATHWAY,1/10,18/21728,0.008255130223203122,0.06369276755171138,0.0269527712464264,SP1,1
REACTOME_RECYCLING_OF_BILE_ACIDS_AND_SALTS,REACTOME_RECYCLING_OF_BILE_ACIDS_AND_SALTS,1/10,18/21728,0.008255130223203122,0.06369276755171138,0.0269527712464264,NR1H4,1
REACTOME_SYNTHESIS_OF_GLYCOSYLPHOSPHATIDYLINOSITOL_GPI,REACTOME_SYNTHESIS_OF_GLYCOSYLPHOSPHATIDYLINOSITOL_GPI,1/10,18/21728,0.008255130223203122,0.06369276755171138,0.0269527712464264,PIGA,1
WP_FARNESOID_X_RECEPTOR_PATHWAY,WP_FARNESOID_X_RECEPTOR_PATHWAY,1/10,19/21728,0.008711944995094756,0.06369276755171138,0.0269527712464264,NR1H4,1
WP_NUCLEAR_RECEPTORS_METAPATHWAY,WP_NUCLEAR_RECEPTORS_METAPATHWAY,2/10,321/21728,0.009053499596977188,0.06369276755171138,0.0269527712464264,SP1/NR1H4,2
CHEOK_RESPONSE_TO_MERCAPTOPURINE_AND_LD_MTX_DN,CHEOK_RESPONSE_TO_MERCAPTOPURINE_AND_LD_MTX_DN,1/10,20/21728,0.009168570383184527,0.06369276755171138,0.0269527712464264,PIGA,1
WP_MITOCHONDRIAL_GENE_EXPRESSION,WP_MITOCHONDRIAL_GENE_EXPRESSION,1/10,20/21728,0.009168570383184527,0.06369276755171138,0.0269527712464264,SP1,1
SPIELMAN_LYMPHOBLAST_EUROPEAN_VS_ASIAN_2FC_DN,SPIELMAN_LYMPHOBLAST_EUROPEAN_VS_ASIAN_2FC_DN,1/10,21/21728,0.009625006457266161,0.06369276755171138,0.0269527712464264,CLEC2D,1
WP_ESTROGEN_SIGNALING_PATHWAY,WP_ESTROGEN_SIGNALING_PATHWAY,1/10,23/21728,0.010537310942465461,0.06369276755171138,0.0269527712464264,SP1,1
REACTOME_SYNTHESIS_OF_BILE_ACIDS_AND_BILE_SALTS_VIA_7ALPHA_HYDROXYCHOLESTEROL,REACTOME_SYNTHESIS_OF_BILE_ACIDS_AND_BILE_SALTS_VIA_7ALPHA_HYDROXYCHOLESTEROL,1/10,24/21728,0.010993179493055893,0.06369276755171138,0.0269527712464264,NR1H4,1
KEGG_GLYCOSYLPHOSPHATIDYLINOSITOL_GPI_ANCHOR_BIOSYNTHESIS,KEGG_GLYCOSYLPHOSPHATIDYLINOSITOL_GPI_ANCHOR_BIOSYNTHESIS,1/10,25/21728,0.011448859008586831,0.06369276755171138,0.0269527712464264,PIGA,1
HOEGERKORP_CD44_TARGETS_DIRECT_UP,HOEGERKORP_CD44_TARGETS_DIRECT_UP,1/10,26/21728,0.01190434955873676,0.06369276755171138,0.0269527712464264,PIGA,1
PID_RXR_VDR_PATHWAY,PID_RXR_VDR_PATHWAY,1/10,26/21728,0.01190434955873676,0.06369276755171138,0.0269527712464264,NR1H4,1
BOYLAN_MULTIPLE_MYELOMA_D_CLUSTER_UP,BOYLAN_MULTIPLE_MYELOMA_D_CLUSTER_UP,1/10,27/21728,0.012359651213165956,0.06369276755171138,0.0269527712464264,CLEC2D,1
GAUSSMANN_MLL_AF4_FUSION_TARGETS_B_UP,GAUSSMANN_MLL_AF4_FUSION_TARGETS_B_UP,1/10,27/21728,0.012359651213165956,0.06369276755171138,0.0269527712464264,CLEC2D,1
REACTOME_ENDOGENOUS_STEROLS,REACTOME_ENDOGENOUS_STEROLS,1/10,28/21728,0.01281476404150883,0.06369276755171138,0.0269527712464264,NR1H4,1
WP_ANGIOTENSIN_II_RECEPTOR_TYPE_1_PATHWAY,WP_ANGIOTENSIN_II_RECEPTOR_TYPE_1_PATHWAY,1/10,28/21728,0.01281476404150883,0.06369276755171138,0.0269527712464264,SP1,1
REACTOME_EPHA_MEDIATED_GROWTH_CONE_COLLAPSE,REACTOME_EPHA_MEDIATED_GROWTH_CONE_COLLAPSE,1/10,29/21728,0.013269688113378808,0.06369276755171138,0.0269527712464264,EPHA7,1
PID_IL2_STAT5_PATHWAY,PID_IL2_STAT5_PATHWAY,1/10,30/21728,0.013724423498367777,0.06369276755171138,0.0269527712464264,SP1,1
REACTOME_SUMOYLATION_OF_INTRACELLULAR_RECEPTORS,REACTOME_SUMOYLATION_OF_INTRACELLULAR_RECEPTORS,1/10,30/21728,0.013724423498367777,0.06369276755171138,0.0269527712464264,NR1H4,1
JIANG_AGING_CEREBRAL_CORTEX_UP,JIANG_AGING_CEREBRAL_CORTEX_UP,1/10,32/21728,0.014633328485950226,0.06369276755171138,0.0269527712464264,EPHA7,1
REACTOME_SMAD2_SMAD3_SMAD4_HETEROTRIMER_REGULATES_TRANSCRIPTION,REACTOME_SMAD2_SMAD3_SMAD4_HETEROTRIMER_REGULATES_TRANSCRIPTION,1/10,32/21728,0.014633328485950226,0.06369276755171138,0.0269527712464264,SP1,1
WP_CONSTITUTIVE_ANDROSTANE_RECEPTOR_PATHWAY,WP_CONSTITUTIVE_ANDROSTANE_RECEPTOR_PATHWAY,1/10,32/21728,0.014633328485950226,0.06369276755171138,0.0269527712464264,SP1,1
WP_IL17_SIGNALING_PATHWAY,WP_IL17_SIGNALING_PATHWAY,1/10,32/21728,0.014633328485950226,0.06369276755171138,0.0269527712464264,SP1,1
WP_OVARIAN_INFERTILITY,WP_OVARIAN_INFERTILITY,1/10,32/21728,0.014633328485950226,0.06369276755171138,0.0269527712464264,GDF9,1
BIOCARTA_AGR_PATHWAY,BIOCARTA_AGR_PATHWAY,1/10,33/21728,0.015087498227614349,0.06369276755171138,0.0269527712464264,SP1,1
BIOCARTA_NUCLEARRS_PATHWAY,BIOCARTA_NUCLEARRS_PATHWAY,1/10,34/21728,0.015541479560535532,0.06369276755171138,0.0269527712464264,NR1H4,1
PID_EPHA_FWDPATHWAY,PID_EPHA_FWDPATHWAY,1/10,34/21728,0.015541479560535532,0.06369276755171138,0.0269527712464264,EPHA7,1
PID_HIF2PATHWAY,PID_HIF2PATHWAY,1/10,34/21728,0.015541479560535532,0.06369276755171138,0.0269527712464264,SP1,1
REACTOME_SYNTHESIS_OF_BILE_ACIDS_AND_BILE_SALTS,REACTOME_SYNTHESIS_OF_BILE_ACIDS_AND_BILE_SALTS,1/10,34/21728,0.015541479560535532,0.06369276755171138,0.0269527712464264,NR1H4,1
WP_OXIDATIVE_STRESS_RESPONSE,WP_OXIDATIVE_STRESS_RESPONSE,1/10,34/21728,0.015541479560535532,0.06369276755171138,0.0269527712464264,SP1,1
THUM_SYSTOLIC_HEART_FAILURE_UP,THUM_SYSTOLIC_HEART_FAILURE_UP,2/10,430/21728,0.015828944317132655,0.06369276755171138,0.0269527712464264,EPHA7/SP1,2
REACTOME_ONCOGENE_INDUCED_SENESCENCE,REACTOME_ONCOGENE_INDUCED_SENESCENCE,1/10,35/21728,0.01599527255419242,0.06369276755171138,0.0269527712464264,SP1,1
WP_NUCLEAR_RECEPTORS_IN_LIPID_METABOLISM_AND_TOXICITY,WP_NUCLEAR_RECEPTORS_IN_LIPID_METABOLISM_AND_TOXICITY,1/10,35/21728,0.01599527255419242,0.06369276755171138,0.0269527712464264,NR1H4,1
BOCHKIS_FOXA2_TARGETS,BOCHKIS_FOXA2_TARGETS,2/10,433/21728,0.016039010470172456,0.06369276755171138,0.0269527712464264,DNASE2B/CLEC2D,2
PID_FRA_PATHWAY,PID_FRA_PATHWAY,1/10,37/21728,0.016902293801516866,0.06369276755171138,0.0269527712464264,SP1,1
WP_INITIATION_OF_TRANSCRIPTION_AND_TRANSLATION_ELONGATION_AT_THE_HIV1_LTR,WP_INITIATION_OF_TRANSCRIPTION_AND_TRANSLATION_ELONGATION_AT_THE_HIV1_LTR,1/10,37/21728,0.016902293801516866,0.06369276755171138,0.0269527712464264,SP1,1
WP_MALIGNANT_PLEURAL_MESOTHELIOMA,WP_MALIGNANT_PLEURAL_MESOTHELIOMA,2/10,446/21728,0.016963400403219614,0.06369276755171138,0.0269527712464264,SP1/CTNNA3,2
LEE_AGING_MUSCLE_UP,LEE_AGING_MUSCLE_UP,1/10,38/21728,0.017355522194028805,0.06375476417326544,0.0269790062621594,GDF9,1
ZHENG_FOXP3_TARGETS_IN_T_LYMPHOCYTE_DN,ZHENG_FOXP3_TARGETS_IN_T_LYMPHOCYTE_DN,1/10,39/21728,0.01780856252496743,0.06375476417326544,0.0269790062621594,CLEC2D,1
PID_FOXM1_PATHWAY,PID_FOXM1_PATHWAY,1/10,40/21728,0.018261414863699144,0.06375476417326544,0.0269790062621594,SP1,1
WP_KISSPEPTINKISSPEPTIN_RECEPTOR_SYSTEM_IN_THE_OVARY,WP_KISSPEPTINKISSPEPTIN_RECEPTOR_SYSTEM_IN_THE_OVARY,1/10,40/21728,0.018261414863699144,0.06375476417326544,0.0269790062621594,GDF9,1
REACTOME_ACTIVATION_OF_GENE_EXPRESSION_BY_SREBF_SREBP,REACTOME_ACTIVATION_OF_GENE_EXPRESSION_BY_SREBF_SREBP,1/10,42/21728,0.01916655584189586,0.064214498513059,0.027173551341151656,SP1,1
SWEET_LUNG_CANCER_KRAS_UP,SWEET_LUNG_CANCER_KRAS_UP,2/10,482/21728,0.019641136157332085,0.064214498513059,0.027173551341151656,PIGA/EPHA7,2
PID_HNF3A_PATHWAY,PID_HNF3A_PATHWAY,1/10,44/21728,0.020070945683103747,0.064214498513059,0.027173551341151656,SP1,1
PID_HNF3B_PATHWAY,PID_HNF3B_PATHWAY,1/10,45/21728,0.020522859100516877,0.064214498513059,0.027173551341151656,SP1,1
REACTOME_BILE_ACID_AND_BILE_SALT_METABOLISM,REACTOME_BILE_ACID_AND_BILE_SALT_METABOLISM,1/10,45/21728,0.020522859100516877,0.064214498513059,0.027173551341151656,NR1H4,1
BIOCARTA_KERATINOCYTE_PATHWAY,BIOCARTA_KERATINOCYTE_PATHWAY,1/10,46/21728,0.020974584941451435,0.064214498513059,0.027173551341151656,SP1,1
REACTOME_TRANSCRIPTIONAL_ACTIVITY_OF_SMAD2_SMAD3_SMAD4_HETEROTRIMER,REACTOME_TRANSCRIPTIONAL_ACTIVITY_OF_SMAD2_SMAD3_SMAD4_HETEROTRIMER,1/10,46/21728,0.020974584941451435,0.064214498513059,0.027173551341151656,SP1,1
ZHAN_MULTIPLE_MYELOMA_CD1_UP,ZHAN_MULTIPLE_MYELOMA_CD1_UP,1/10,46/21728,0.020974584941451435,0.064214498513059,0.027173551341151656,CLEC2D,1
NATSUME_RESPONSE_TO_INTERFERON_BETA_DN,NATSUME_RESPONSE_TO_INTERFERON_BETA_DN,1/10,51/21728,0.02323040292053702,0.06794094161161485,0.028750464580424163,NR1H4,1
REACTOME_EPH_EPHRIN_MEDIATED_REPULSION_OF_CELLS,REACTOME_EPH_EPHRIN_MEDIATED_REPULSION_OF_CELLS,1/10,51/21728,0.02323040292053702,0.06794094161161485,0.028750464580424163,EPHA7,1
BIOCARTA_PPARA_PATHWAY,BIOCARTA_PPARA_PATHWAY,1/10,52/21728,0.023681004755236934,0.06794094161161485,0.028750464580424163,SP1,1
KEGG_ENDOMETRIAL_CANCER,KEGG_ENDOMETRIAL_CANCER,1/10,52/21728,0.023681004755236934,0.06794094161161485,0.028750464580424163,CTNNA3,1
REACTOME_NUCLEAR_RECEPTOR_TRANSCRIPTION_PATHWAY,REACTOME_NUCLEAR_RECEPTOR_TRANSCRIPTION_PATHWAY,1/10,53/21728,0.024131419497460893,0.06794094161161485,0.028750464580424163,NR1H4,1
PID_TAP63_PATHWAY,PID_TAP63_PATHWAY,1/10,54/21728,0.02458164721626266,0.06794094161161485,0.028750464580424163,SP1,1
WP_COPPER_HOMEOSTASIS,WP_COPPER_HOMEOSTASIS,1/10,54/21728,0.02458164721626266,0.06794094161161485,0.028750464580424163,SP1,1
REACTOME_REGULATION_OF_CHOLESTEROL_BIOSYNTHESIS_BY_SREBP_SREBF,REACTOME_REGULATION_OF_CHOLESTEROL_BIOSYNTHESIS_BY_SREBP_SREBF,1/10,55/21728,0.025031687980673456,0.06823706723498654,0.028875775608563466,SP1,1
PLASARI_TGFB1_SIGNALING_VIA_NFIC_10HR_UP,PLASARI_TGFB1_SIGNALING_VIA_NFIC_10HR_UP,1/10,58/21728,0.026380689237539334,0.07025219199969482,0.02972851288006129,EPHA7,1
BREDEMEYER_RAG_SIGNALING_NOT_VIA_ATM_DN,BREDEMEYER_RAG_SIGNALING_NOT_VIA_ATM_DN,1/10,59/21728,0.02682998287425531,0.07025219199969482,0.02972851288006129,CLEC2D,1
DAWSON_METHYLATED_IN_LYMPHOMA_TCL1,DAWSON_METHYLATED_IN_LYMPHOMA_TCL1,1/10,59/21728,0.02682998287425531,0.07025219199969482,0.02972851288006129,EPHA7,1
CUI_GLUCOSE_DEPRIVATION,CUI_GLUCOSE_DEPRIVATION,1/10,61/21728,0.027728010387879976,0.0713901712272436,0.030210069813168414,PIGA,1
PID_MYC_REPRESS_PATHWAY,PID_MYC_REPRESS_PATHWAY,1/10,63/21728,0.02862529201430275,0.0713901712272436,0.030210069813168414,SP1,1
WP_ENDOMETRIAL_CANCER,WP_ENDOMETRIAL_CANCER,1/10,63/21728,0.02862529201430275,0.0713901712272436,0.030210069813168414,CTNNA3,1
PID_IL4_2PATHWAY,PID_IL4_2PATHWAY,1/10,64/21728,0.029073653291932677,0.0713901712272436,0.030210069813168414,SP1,1
PID_HIF1_TFPATHWAY,PID_HIF1_TFPATHWAY,1/10,66/21728,0.029969817120074183,0.0713901712272436,0.030210069813168414,SP1,1
REACTOME_CYTOCHROME_P450_ARRANGED_BY_SUBSTRATE_TYPE,REACTOME_CYTOCHROME_P450_ARRANGED_BY_SUBSTRATE_TYPE,1/10,66/21728,0.029969817120074183,0.0713901712272436,0.030210069813168414,NR1H4,1
WP_AGERAGE_PATHWAY,WP_AGERAGE_PATHWAY,1/10,66/21728,0.029969817120074183,0.0713901712272436,0.030210069813168414,SP1,1
PID_TELOMERASE_PATHWAY,PID_TELOMERASE_PATHWAY,1/10,67/21728,0.030417619808136065,0.0713901712272436,0.030210069813168414,SP1,1
GINESTIER_BREAST_CANCER_ZNF217_AMPLIFIED_UP,GINESTIER_BREAST_CANCER_ZNF217_AMPLIFIED_UP,1/10,68/21728,0.030865236437189303,0.0713901712272436,0.030210069813168414,SP1,1
PID_AP1_PATHWAY,PID_AP1_PATHWAY,1/10,70/21728,0.03175991179312587,0.0713901712272436,0.030210069813168414,SP1,1
WP_NONGENOMIC_ACTIONS_OF_125_DIHYDROXYVITAMIN_D3,WP_NONGENOMIC_ACTIONS_OF_125_DIHYDROXYVITAMIN_D3,1/10,71/21728,0.03220697065738254,0.0713901712272436,0.030210069813168414,SP1,1
WP_MECP2_AND_ASSOCIATED_RETT_SYNDROME,WP_MECP2_AND_ASSOCIATED_RETT_SYNDROME,1/10,72/21728,0.032653843737376564,0.0713901712272436,0.030210069813168414,SP1,1
FURUKAWA_DUSP6_TARGETS_PCI35_UP,FURUKAWA_DUSP6_TARGETS_PCI35_UP,1/10,73/21728,0.033100531101738606,0.0713901712272436,0.030210069813168414,CLEC2D,1
KEGG_ADHERENS_JUNCTION,KEGG_ADHERENS_JUNCTION,1/10,73/21728,0.033100531101738606,0.0713901712272436,0.030210069813168414,CTNNA3,1
PID_E2F_PATHWAY,PID_E2F_PATHWAY,1/10,73/21728,0.033100531101738606,0.0713901712272436,0.030210069813168414,SP1,1
WP_STEROL_REGULATORY_ELEMENTBINDING_PROTEINS_SREBP_SIGNALING,WP_STEROL_REGULATORY_ELEMENTBINDING_PROTEINS_SREBP_SIGNALING,1/10,73/21728,0.033100531101738606,0.0713901712272436,0.030210069813168414,SP1,1
KEGG_ARRHYTHMOGENIC_RIGHT_VENTRICULAR_CARDIOMYOPATHY_ARVC,KEGG_ARRHYTHMOGENIC_RIGHT_VENTRICULAR_CARDIOMYOPATHY_ARVC,1/10,74/21728,0.03354703281907767,0.0713901712272436,0.030210069813168414,CTNNA3,1
REACTOME_SIGNALING_BY_TGF_BETA_RECEPTOR_COMPLEX,REACTOME_SIGNALING_BY_TGF_BETA_RECEPTOR_COMPLEX,1/10,75/21728,0.03399334895798056,0.0713901712272436,0.030210069813168414,SP1,1
WP_ARRHYTHMOGENIC_RIGHT_VENTRICULAR_CARDIOMYOPATHY,WP_ARRHYTHMOGENIC_RIGHT_VENTRICULAR_CARDIOMYOPATHY,1/10,76/21728,0.03443947958701199,0.0713901712272436,0.030210069813168414,CTNNA3,1
WP_LEPTIN_SIGNALING_PATHWAY,WP_LEPTIN_SIGNALING_PATHWAY,1/10,76/21728,0.03443947958701199,0.0713901712272436,0.030210069813168414,SP1,1
GUO_HEX_TARGETS_UP,GUO_HEX_TARGETS_UP,1/10,78/21728,0.03533118458960771,0.07224557568295216,0.030572050011299513,SP1,1
PID_P73PATHWAY,PID_P73PATHWAY,1/10,79/21728,0.03577675910019007,0.07224557568295216,0.030572050011299513,SP1,1
BIOCARTA_MAPK_PATHWAY,BIOCARTA_MAPK_PATHWAY,1/10,81/21728,0.03666735248230235,0.07224557568295216,0.030572050011299513,SP1,1
REACTOME_RNA_POLYMERASE_II_TRANSCRIBES_SNRNA_GENES,REACTOME_RNA_POLYMERASE_II_TRANSCRIBES_SNRNA_GENES,1/10,81/21728,0.03666735248230235,0.07224557568295216,0.030572050011299513,SP1,1
WP_DNA_IRDAMAGE_AND_CELLULAR_RESPONSE_VIA_ATR,WP_DNA_IRDAMAGE_AND_CELLULAR_RESPONSE_VIA_ATR,1/10,81/21728,0.03666735248230235,0.07224557568295216,0.030572050011299513,SP1,1
PID_SMAD2_3NUCLEAR_PATHWAY,PID_SMAD2_3NUCLEAR_PATHWAY,1/10,82/21728,0.03711237149071833,0.07240550908483283,0.03063972878490678,SP1,1
PID_CMYB_PATHWAY,PID_CMYB_PATHWAY,1/10,84/21728,0.03800185448431681,0.07342105866387423,0.031069477350488966,SP1,1
HILLION_HMGA1B_TARGETS,HILLION_HMGA1B_TARGETS,1/10,86/21728,0.03889059790274141,0.07370694269186229,0.031190454458338974,EPHA7,1
KEGG_TGF_BETA_SIGNALING_PATHWAY,KEGG_TGF_BETA_SIGNALING_PATHWAY,1/10,86/21728,0.03889059790274141,0.07370694269186229,0.031190454458338974,SP1,1
BOYLAN_MULTIPLE_MYELOMA_D_UP,BOYLAN_MULTIPLE_MYELOMA_D_UP,1/10,90/21728,0.040665868200345234,0.07574755235558452,0.032053976135661265,CLEC2D,1
DUTERTRE_ESTRADIOL_RESPONSE_6HR_DN,DUTERTRE_ESTRADIOL_RESPONSE_6HR_DN,1/10,91/21728,0.041109224393985566,0.07574755235558452,0.032053976135661265,CLEC2D,1
WP_ANDROGEN_RECEPTOR_SIGNALING_PATHWAY,WP_ANDROGEN_RECEPTOR_SIGNALING_PATHWAY,1/10,91/21728,0.041109224393985566,0.07574755235558452,0.032053976135661265,SP1,1
REACTOME_EPH_EPHRIN_SIGNALING,REACTOME_EPH_EPHRIN_SIGNALING,1/10,92/21728,0.04155239617177686,0.0758617141117761,0.03210228579181216,EPHA7,1
WP_CORTICOTROPINRELEASING_HORMONE_SIGNALING_PATHWAY,WP_CORTICOTROPINRELEASING_HORMONE_SIGNALING_PATHWAY,1/10,93/21728,0.04199538360190602,0.07597346669799362,0.032149575963181645,SP1,1
REACTOME_POST_TRANSLATIONAL_MODIFICATION_SYNTHESIS_OF_GPI_ANCHORED_PROTEINS,REACTOME_POST_TRANSLATIONAL_MODIFICATION_SYNTHESIS_OF_GPI_ANCHORED_PROTEINS,1/10,94/21728,0.042438186752541185,0.07608287534915041,0.032195874255128445,PIGA,1
KIM_MYC_AMPLIFICATION_TARGETS_DN,KIM_MYC_AMPLIFICATION_TARGETS_DN,1/10,98/21728,0.0442075579226886,0.07854735738049134,0.03323876535540496,CLEC2D,1
PUJANA_BREAST_CANCER_LIT_INT_NETWORK,PUJANA_BREAST_CANCER_LIT_INT_NETWORK,1/10,101/21728,0.04553265470247958,0.08018582553799501,0.03393211342522931,SP1,1
GRADE_COLON_AND_RECTAL_CANCER_DN,GRADE_COLON_AND_RECTAL_CANCER_DN,1/10,102/21728,0.045973986068502226,0.08025283533010477,0.03396046985669602,NR1H4,1
CADWELL_ATG16L1_TARGETS_UP,CADWELL_ATG16L1_TARGETS_UP,1/10,104/21728,0.046856097867528534,0.08038244375550153,0.03401531605628206,CLEC2D,1
REACTOME_SIGNALING_BY_TGFB_FAMILY_MEMBERS,REACTOME_SIGNALING_BY_TGFB_FAMILY_MEMBERS,1/10,104/21728,0.046856097867528534,0.08038244375550153,0.03401531605628206,SP1,1
REACTOME_PHASE_I_FUNCTIONALIZATION_OF_COMPOUNDS,REACTOME_PHASE_I_FUNCTIONALIZATION_OF_COMPOUNDS,1/10,106/21728,0.04773747554205998,0.08119450968264903,0.03435895675541879,NR1H4,1
SERVITJA_ISLET_HNF1A_TARGETS_DN,SERVITJA_ISLET_HNF1A_TARGETS_DN,1/10,107/21728,0.04817788925238242,0.08124915221376357,0.03438207975192323,NR1H4,1
PEDERSEN_METASTASIS_BY_ERBB2_ISOFORM_4,PEDERSEN_METASTASIS_BY_ERBB2_ISOFORM_4,1/10,108/21728,0.04861811963522589,0.08130256981016766,0.034404684394675554,EPHA7,1
MARKEY_RB1_CHRONIC_LOF_UP,MARKEY_RB1_CHRONIC_LOF_UP,1/10,112/21728,0.05037720924822331,0.08354220533663699,0.03535242754261285,PIGA,1
SMIRNOV_RESPONSE_TO_IR_6HR_DN,SMIRNOV_RESPONSE_TO_IR_6HR_DN,1/10,114/21728,0.05125565585255565,0.08360553700539815,0.035379227508235134,CLEC2D,1
WP_GASTRIN_SIGNALING_PATHWAY,WP_GASTRIN_SIGNALING_PATHWAY,1/10,114/21728,0.05125565585255565,0.08360553700539815,0.035379227508235134,SP1,1
KEGG_LEUKOCYTE_TRANSENDOTHELIAL_MIGRATION,KEGG_LEUKOCYTE_TRANSENDOTHELIAL_MIGRATION,1/10,116/21728,0.052133371044526866,0.08434586047041338,0.03569250905915404,CTNNA3,1
IWANAGA_CARCINOGENESIS_BY_KRAS_DN,IWANAGA_CARCINOGENESIS_BY_KRAS_DN,1/10,121/21728,0.05432446264727364,0.08648454453445964,0.03659753273079488,SP1,1
KEGG_LYSOSOME,KEGG_LYSOSOME,1/10,121/21728,0.05432446264727364,0.08648454453445964,0.03659753273079488,DNASE2B,1
INGRAM_SHH_TARGETS_UP,INGRAM_SHH_TARGETS_UP,1/10,126/21728,0.056510994754761845,0.08925149171585402,0.03776841754704217,DNASE2B,1
KEGG_AXON_GUIDANCE,KEGG_AXON_GUIDANCE,1/10,129/21728,0.05782072897134838,0.09060098476612857,0.03833948046173121,EPHA7,1
WP_ADIPOGENESIS,WP_ADIPOGENESIS,1/10,131/21728,0.058692975802687175,0.09114501299214035,0.03856969605591763,SP1,1
KEGG_TIGHT_JUNCTION,KEGG_TIGHT_JUNCTION,1/10,132/21728,0.05912882662650354,0.09114501299214035,0.03856969605591763,CTNNA3,1
WP_TGFBETA_SIGNALING_PATHWAY,WP_TGFBETA_SIGNALING_PATHWAY,1/10,133/21728,0.059564495812174045,0.09114501299214035,0.03856969605591763,SP1,1
VART_KSHV_INFECTION_ANGIOGENIC_MARKERS_DN,VART_KSHV_INFECTION_ANGIOGENIC_MARKERS_DN,1/10,134/21728,0.05999998342698687,0.09114501299214035,0.03856969605591763,EPHA7,1
PID_P53_DOWNSTREAM_PATHWAY,PID_P53_DOWNSTREAM_PATHWAY,1/10,137/21728,0.06130535751884114,0.09233406983628822,0.03907286742609393,SP1,1
PICCALUGA_ANGIOIMMUNOBLASTIC_LYMPHOMA_DN,PICCALUGA_ANGIOIMMUNOBLASTIC_LYMPHOMA_DN,1/10,138/21728,0.06174011952267633,0.09233406983628822,0.03907286742609393,PIGA,1
ACEVEDO_LIVER_CANCER_WITH_H3K9ME3_UP,ACEVEDO_LIVER_CANCER_WITH_H3K9ME3_UP,1/10,139/21728,0.06217470029177197,0.09233406983628822,0.03907286742609393,DNASE2B,1
GREGORY_SYNTHETIC_LETHAL_WITH_IMATINIB,GREGORY_SYNTHETIC_LETHAL_WITH_IMATINIB,1/10,145/21728,0.06477838273614134,0.09403715689501631,0.039793560177737664,CLEC2D,1
SMITH_TERT_TARGETS_UP,SMITH_TERT_TARGETS_UP,1/10,145/21728,0.06477838273614134,0.09403715689501631,0.039793560177737664,PIGA,1
PUIFFE_INVASION_INHIBITED_BY_ASCITES_DN,PUIFFE_INVASION_INHIBITED_BY_ASCITES_DN,1/10,146/21728,0.06521169674126759,0.09403715689501631,0.039793560177737664,NR1H4,1
YAUCH_HEDGEHOG_SIGNALING_PARACRINE_UP,YAUCH_HEDGEHOG_SIGNALING_PARACRINE_UP,1/10,146/21728,0.06521169674126759,0.09403715689501631,0.039793560177737664,CLEC2D,1
REACTOME_ESTROGEN_DEPENDENT_GENE_EXPRESSION,REACTOME_ESTROGEN_DEPENDENT_GENE_EXPRESSION,1/10,148/21728,0.06607778272425258,0.09460056663400189,0.04003197741719202,SP1,1
WHITFIELD_CELL_CYCLE_S,WHITFIELD_CELL_CYCLE_S,1/10,150/21728,0.06694314645066657,0.09515490102630463,0.040266554256040046,SP1,1
WP_BREAST_CANCER_PATHWAY,WP_BREAST_CANCER_PATHWAY,1/10,156/21728,0.0695349094431319,0.09779704029318372,0.04138462429756518,SP1,1
BYSTRYKH_HEMATOPOIESIS_STEM_CELL_AND_BRAIN_QTL_TRANS,BYSTRYKH_HEMATOPOIESIS_STEM_CELL_AND_BRAIN_QTL_TRANS,1/10,157/21728,0.06996623944987979,0.09779704029318372,0.04138462429756518,PIGA,1
WP_MYOMETRIAL_RELAXATION_AND_CONTRACTION_PATHWAYS,WP_MYOMETRIAL_RELAXATION_AND_CONTRACTION_PATHWAYS,1/10,158/21728,0.07039738949417562,0.09779704029318372,0.04138462429756518,SP1,1
SENGUPTA_EBNA1_ANTICORRELATED,SENGUPTA_EBNA1_ANTICORRELATED,1/10,160/21728,0.07125914996237004,0.09779704029318372,0.04138462429756518,CLEC2D,1
WP_NONALCOHOLIC_FATTY_LIVER_DISEASE,WP_NONALCOHOLIC_FATTY_LIVER_DISEASE,1/10,160/21728,0.07125914996237004,0.09779704029318372,0.04138462429756518,NR1H4,1
WP_SUDDEN_INFANT_DEATH_SYNDROME_SIDS_SUSCEPTIBILITY_PATHWAYS,WP_SUDDEN_INFANT_DEATH_SYNDROME_SIDS_SUSCEPTIBILITY_PATHWAYS,1/10,162/21728,0.07212019138141867,0.09812920501791222,0.041525185937228135,SP1,1
WP_EGFEGFR_SIGNALING_PATHWAY,WP_EGFEGFR_SIGNALING_PATHWAY,1/10,163/21728,0.07255044261420118,0.09812920501791222,0.041525185937228135,SP1,1
VART_KSHV_INFECTION_ANGIOGENIC_MARKERS_UP,VART_KSHV_INFECTION_ANGIOGENIC_MARKERS_UP,1/10,164/21728,0.07298051428467844,0.09812920501791222,0.041525185937228135,EPHA7,1
FIRESTEIN_PROLIFERATION,FIRESTEIN_PROLIFERATION,1/10,166/21728,0.07384011920516254,0.09861868269682782,0.04173231745964679,NR1H4,1
SASAKI_ADULT_T_CELL_LEUKEMIA,SASAKI_ADULT_T_CELL_LEUKEMIA,1/10,168/21728,0.07469900667553375,0.09910068218954145,0.04193628444942246,SP1,1
NABA_ECM_AFFILIATED,NABA_ECM_AFFILIATED,1/10,170/21728,0.07555717722811273,0.09957535277082406,0.042137150074932156,CLEC2D,1
KATSANOU_ELAVL1_TARGETS_UP,KATSANOU_ELAVL1_TARGETS_UP,1/10,174/21728,0.07727136970744353,0.10106009572748283,0.04276544648610752,EPHA7,1
VILLANUEVA_LIVER_CANCER_KRT19_UP,VILLANUEVA_LIVER_CANCER_KRT19_UP,1/10,175/21728,0.0776994705844466,0.10106009572748283,0.04276544648610752,PIGA,1
KEGG_HUNTINGTONS_DISEASE,KEGG_HUNTINGTONS_DISEASE,1/10,182/21728,0.08069117503630807,0.10426976514432017,0.04412367739511036,SP1,1
DOANE_RESPONSE_TO_ANDROGEN_UP,DOANE_RESPONSE_TO_ANDROGEN_UP,1/10,184/21728,0.08154434204027461,0.10469241332912677,0.04430252878249215,DNASE2B,1
REACTOME_SUMOYLATION,REACTOME_SUMOYLATION,1/10,187/21728,0.08282275645224924,0.10565210598716408,0.044708640460053566,NR1H4,1
IVANOVA_HEMATOPOIESIS_STEM_CELL,IVANOVA_HEMATOPOIESIS_STEM_CELL,1/10,190/21728,0.08409956913871242,0.10645847297247407,0.0450498695466698,ZXDB,1
REACTOME_IMMUNOREGULATORY_INTERACTIONS_BETWEEN_A_LYMPHOID_AND_A_NON_LYMPHOID_CELL,REACTOME_IMMUNOREGULATORY_INTERACTIONS_BETWEEN_A_LYMPHOID_AND_A_NON_LYMPHOID_CELL,1/10,191/21728,0.0845248177369392,0.10645847297247407,0.0450498695466698,CLEC2D,1
KONDO_PROSTATE_CANCER_WITH_H3K27ME3,KONDO_PROSTATE_CANCER_WITH_H3K27ME3,1/10,194/21728,0.08579949756431116,0.10654829814717161,0.04508788072876874,NR1H4,1
PYEON_CANCER_HEAD_AND_NECK_VS_CERVICAL_UP,PYEON_CANCER_HEAD_AND_NECK_VS_CERVICAL_UP,1/10,194/21728,0.08579949756431116,0.10654829814717161,0.04508788072876874,PIGA,1
REACTOME_CELLULAR_SENESCENCE,REACTOME_CELLULAR_SENESCENCE,1/10,196/21728,0.08664839646965661,0.10654829814717161,0.04508788072876874,SP1,1
SHEDDEN_LUNG_CANCER_GOOD_SURVIVAL_A4,SHEDDEN_LUNG_CANCER_GOOD_SURVIVAL_A4,1/10,197/21728,0.08707257982630312,0.10654829814717161,0.04508788072876874,PIGA,1
AFFAR_YY1_TARGETS_UP,AFFAR_YY1_TARGETS_UP,1/10,199/21728,0.08792041467706757,0.10654829814717161,0.04508788072876874,EPHA7,1
FISCHER_G1_S_CELL_CYCLE,FISCHER_G1_S_CELL_CYCLE,1/10,200/21728,0.08834406630293123,0.10654829814717161,0.04508788072876874,SP1,1
LEE_DIFFERENTIATING_T_LYMPHOCYTE,LEE_DIFFERENTIATING_T_LYMPHOCYTE,1/10,200/21728,0.08834406630293123,0.10654829814717161,0.04508788072876874,SP1,1
BERTUCCI_MEDULLARY_VS_DUCTAL_BREAST_CANCER_UP,BERTUCCI_MEDULLARY_VS_DUCTAL_BREAST_CANCER_UP,1/10,207/21728,0.09130467223562688,0.10945560105355272,0.046318159662968615,CLEC2D,1
REACTOME_ESR_MEDIATED_SIGNALING,REACTOME_ESR_MEDIATED_SIGNALING,1/10,219/21728,0.09635987086699505,0.11482403773971266,0.048589912822941096,SP1,1
REACTOME_BIOLOGICAL_OXIDATIONS,REACTOME_BIOLOGICAL_OXIDATIONS,1/10,222/21728,0.09761970914225893,0.1156328697577948,0.04893218503371374,NR1H4,1
GRAESSMANN_APOPTOSIS_BY_SERUM_DEPRIVATION_DN,GRAESSMANN_APOPTOSIS_BY_SERUM_DEPRIVATION_DN,1/10,236/21728,0.10347807832551525,0.12184696796909784,0.05156179549075815,PIGA,1
UDAYAKUMAR_MED1_TARGETS_DN,UDAYAKUMAR_MED1_TARGETS_DN,1/10,244/21728,0.10681032787214584,0.1250309132150413,0.052909140741620224,ZXDB,1
GAUSSMANN_MLL_AF4_FUSION_TARGETS_G_UP,GAUSSMANN_MLL_AF4_FUSION_TARGETS_G_UP,1/10,247/21728,0.10805704477219635,0.1254808197773363,0.053099527015006094,EPHA7,1
HSIAO_LIVER_SPECIFIC_GENES,HSIAO_LIVER_SPECIFIC_GENES,1/10,249/21728,0.1088873190570715,0.1254808197773363,0.053099527015006094,NR1H4,1
YAUCH_HEDGEHOG_SIGNALING_PARACRINE_DN,YAUCH_HEDGEHOG_SIGNALING_PARACRINE_DN,1/10,250/21728,0.10930219529942142,0.1254808197773363,0.053099527015006094,CLEC2D,1
DANG_REGULATED_BY_MYC_DN,DANG_REGULATED_BY_MYC_DN,1/10,251/21728,0.10971689769475634,0.1254808197773363,0.053099527015006094,ZXDB,1
PLASARI_TGFB1_TARGETS_10HR_DN,PLASARI_TGFB1_TARGETS_10HR_DN,1/10,254/21728,0.11095996244613293,0.12617732872445975,0.05339426764325195,EPHA7,1
WP_IL18_SIGNALING_PATHWAY,WP_IL18_SIGNALING_PATHWAY,1/10,279/21728,0.12125824521011486,0.1371044931637094,0.05801829914359564,SP1,1
SHETH_LIVER_CANCER_VS_TXNIP_LOSS_PAM4,SHETH_LIVER_CANCER_VS_TXNIP_LOSS_PAM4,1/10,287/21728,0.1245309465461174,0.14000936928066307,0.05924755113701691,NR1H4,1
HADDAD_B_LYMPHOCYTE_PROGENITOR,HADDAD_B_LYMPHOCYTE_PROGENITOR,1/10,289/21728,0.1253474059490861,0.14013558305543897,0.059300960827480126,DNASE2B,1
REACTOME_SIGNALING_BY_NUCLEAR_RECEPTORS,REACTOME_SIGNALING_BY_NUCLEAR_RECEPTORS,1/10,295/21728,0.12779267411289486,0.1419522717454789,0.060069726208084165,SP1,1
WEST_ADRENOCORTICAL_TUMOR_UP,WEST_ADRENOCORTICAL_TUMOR_UP,1/10,298/21728,0.1290129994565068,0.1419522717454789,0.060069726208084165,NR1H4,1
SABATES_COLORECTAL_ADENOMA_DN,SABATES_COLORECTAL_ADENOMA_DN,1/10,299/21728,0.12941943296119363,0.1419522717454789,0.060069726208084165,EPHA7,1
DEBIASI_APOPTOSIS_BY_REOVIRUS_INFECTION_UP,DEBIASI_APOPTOSIS_BY_REOVIRUS_INFECTION_UP,1/10,300/21728,0.12982569576722192,0.1419522717454789,0.060069726208084165,SP1,1
KEGG_PATHWAYS_IN_CANCER,KEGG_PATHWAYS_IN_CANCER,1/10,325/21728,0.1399269748970795,0.1521610273470974,0.06438974973693622,CTNNA3,1
NABA_SECRETED_FACTORS,NABA_SECRETED_FACTORS,1/10,343/21728,0.1471344167183929,0.1591290702552184,0.06733840582077477,GDF9,1
OISHI_CHOLANGIOMA_STEM_CELL_LIKE_UP,OISHI_CHOLANGIOMA_STEM_CELL_LIKE_UP,1/10,347/21728,0.1487286693109996,0.1599838118534536,0.06770010551852045,ZNF480,1
WANG_LMO4_TARGETS_UP,WANG_LMO4_TARGETS_UP,1/10,369/21728,0.15744921441301218,0.16845372939886785,0.07128430760068463,ZXDB,1
WANG_SMARCE1_TARGETS_DN,WANG_SMARCE1_TARGETS_DN,1/10,385/21728,0.16374083953327678,0.17424827308621432,0.07373637581008806,PIGA,1
PEDERSEN_METASTASIS_BY_ERBB2_ISOFORM_7,PEDERSEN_METASTASIS_BY_ERBB2_ISOFORM_7,1/10,399/21728,0.16921129113258326,0.17911195178395783,0.07579453130238893,CLEC2D,1
SCHAEFFER_PROSTATE_DEVELOPMENT_48HR_DN,SCHAEFFER_PROSTATE_DEVELOPMENT_48HR_DN,1/10,409/21728,0.1730990153164944,0.18225769337556821,0.07712570997114761,EPHA7,1
GRYDER_PAX3FOXO1_ENHANCERS_KO_DOWN,GRYDER_PAX3FOXO1_ENHANCERS_KO_DOWN,1/10,438/21728,0.18428099934479092,0.19301009931375468,0.08167578918328684,ZXDB,1
MITSIADES_RESPONSE_TO_APLIDIN_UP,MITSIADES_RESPONSE_TO_APLIDIN_UP,1/10,445/21728,0.18695962580273273,0.1947903954698629,0.08242915439084386,PIGA,1
MIKKELSEN_NPC_ICP_WITH_H3K4ME3,MIKKELSEN_NPC_ICP_WITH_H3K4ME3,1/10,452/21728,0.18963033328667833,0.19654393918775515,0.08317119880994664,CLEC2D,1
MEBARKI_HCC_PROGENITOR_FZD8CRD_DN,MEBARKI_HCC_PROGENITOR_FZD8CRD_DN,1/10,459/21728,0.19229314261351937,0.19778682438703848,0.0836971486430208,NR1H4,1
HELLER_HDAC_TARGETS_SILENCED_BY_METHYLATION_UP,HELLER_HDAC_TARGETS_SILENCED_BY_METHYLATION_UP,1/10,461/21728,0.19305249750405773,0.19778682438703848,0.0836971486430208,NR1H4,1
SCHAEFFER_PROSTATE_DEVELOPMENT_6HR_DN,SCHAEFFER_PROSTATE_DEVELOPMENT_6HR_DN,1/10,463/21728,0.19381120982649502,0.19778682438703848,0.0836971486430208,EPHA7,1
MATSUDA_NATURAL_KILLER_DIFFERENTIATION,MATSUDA_NATURAL_KILLER_DIFFERENTIATION,1/10,485/21728,0.20211477389584953,0.20520836737384723,0.08683771166309324,EPHA7,1
LIU_PROSTATE_CANCER_DN,LIU_PROSTATE_CANCER_DN,1/10,491/21728,0.20436598280019758,0.20623762163361548,0.08727325961750455,EPHA7,1
SENESE_HDAC3_TARGETS_UP,SENESE_HDAC3_TARGETS_UP,1/10,495/21728,0.20586361118345908,0.20623762163361548,0.08727325961750455,ZNF480,1
ZHENG_BOUND_BY_FOXP3,ZHENG_BOUND_BY_FOXP3,1/10,496/21728,0.20623762163361548,0.20623762163361548,0.08727325961750455,CLEC2D,1
